reference_split,reference_value
validation,0.56244376168327
validation,0.4354337728633341
validation,0.5472047750375314
validation,0.845602770942604
validation,0.5472047750375314
validation,0.3867748584130377
validation,0.1974845049677233
validation,0.5295752563946367
validation,0.505792274628373
validation,0.3221381270753971
validation,0.5016817176331757
validation,0.2379257548636829
validation,0.295736124101713
validation,0.3476718324958605
validation,0.5423176524013684
validation,0.5155044268038956
validation,0.2147542137826277
validation,0.4233568173388935
validation,0.3562096427703447
validation,0.3207520183565454
validation,0.2493291030057569
validation,0.7306173958761586
validation,0.5016817176331757
validation,0.173648163260031
validation,0.2558668596676173
validation,0.3672687367403847
validation,0.4737628211645296
validation,0.3671474719789373
validation,0.390298357720196
validation,0.7587957879218572
validation,0.3572443203103572
validation,0.5093436831897908
validation,0.6695309516697493
validation,0.3945012826685933
validation,0.6246600838741143
validation,0.2864826241588096
validation,0.6879199898350005
validation,0.3636240594405851
validation,0.3557765687125529
validation,0.5016817176331757
validation,0.5293781116760512
validation,0.5472047750375314
validation,0.4741958952223215
validation,0.0616994549720044
validation,0.3557765687125529
validation,0.4933516744356008
validation,0.2491279582605413
validation,0.254785605139374
validation,0.3531634642673738
validation,0.6494406635705198
validation,0.2642351940319487
validation,0.4261168352458495
validation,0.1354854786110975
validation,0.396086081272794
validation,0.2246184702678764
validation,0.7169815689404745
validation,0.5437427079888961
validation,0.745595110165135
validation,0.3476718324958605
validation,0.2493291030057569
validation,0.5501783605001551
validation,0.4707025165031403
validation,0.534059849440702
validation,0.4412121595994112
validation,0.3213372021795054
validation,0.2871967628307431
validation,0.5732661285127623
validation,0.2782616040132216
validation,0.598720736678133
validation,0.3503199509849783
validation,0.3476718324958605
validation,0.846133466100897
validation,0.3644985981804922
validation,0.1299230617693148
validation,0.3169458098952634
validation,0.342356753484231
validation,0.2434821401707811
validation,0.3636240594405851
validation,0.3557765687125529
validation,0.5669122854733151
validation,0.8236603217040167
validation,0.5472047750375314
validation,0.7697818102920513
validation,0.2821710362448594
validation,0.3560190715545336
validation,0.3631937569324225
validation,0.3562096427703447
validation,0.2404210182927952
validation,0.5992928461804953
validation,0.1397545038653656
validation,0.3452775843884815
validation,0.5016817176331757
validation,0.3213372021795054
validation,0.356227581819194
validation,0.5092109522637049
validation,0.3468892500451618
validation,0.2485905922241139
validation,0.6551754303211758
validation,0.6441827187840068
validation,0.298342277698646
validation,0.7863398113595672
validation,0.3468892500451618
validation,0.2318009398681834
validation,0.6861268322251652
validation,0.4047684036115863
validation,0.3221381270753971
validation,0.5025715685546619
validation,0.1834311828451131
validation,0.3696070035790432
validation,0.6864038109461338
validation,0.5167726807684772
validation,0.2035484937763196
validation,0.2279043150575123
validation,0.2539539344316951
validation,0.2483582259347783
validation,0.4741958952223215
validation,0.5155044268038956
validation,0.5333453074626663
validation,0.6510834167916414
validation,0.2507228999344562
validation,0.2572894913517763
validation,0.8634231535560779
validation,0.3207520183565454
validation,0.5040943031915145
validation,0.1759199055980254
validation,0.1254804767155104
validation,0.282408561144056
validation,0.163291091099094
validation,0.5599448137169311
validation,0.7734714935532558
validation,0.209882888422555
validation,0.3557765687125529
validation,0.5476378490953233
validation,0.2483582259347783
validation,0.8312061119226403
validation,0.3207520183565454
validation,0.6623154497488574
validation,0.5472047750375314
validation,0.5472047750375314
validation,0.536930257914605
validation,0.3496209518571744
validation,0.1272560239586628
validation,0.4515590080025729
validation,0.2530175268980667
validation,0.3562096427703447
validation,0.5291861680350016
validation,0.2987472483148063
validation,0.2483582259347783
validation,0.3190542560952768
validation,0.4737628211645296
validation,0.353178978563316
validation,0.5007021355141628
validation,0.5021147916909676
validation,0.5472047750375314
validation,0.5472047750375314
validation,0.4401679824523928
validation,0.7257070797883604
validation,0.1646797669809446
validation,0.520741141695576
validation,0.3531634642673738
validation,0.3274495433367222
validation,0.6586874264713982
validation,0.4065243765127229
validation,0.2413381105063862
validation,0.353178978563316
validation,0.2412427886854299
validation,0.2240943404653043
validation,0.3155177871878027
validation,0.5333453074626663
validation,0.3557765687125529
validation,0.4414181992659624
validation,0.4357088441023704
validation,0.305676597919635
validation,0.6762647740808596
validation,0.3631937569324225
validation,0.1971744214672063
validation,0.3708148626650525
validation,0.2503566968290046
validation,0.1570298862184248
validation,0.4600965104861595
validation,0.1516314838385249
validation,0.5016817176331757
validation,0.2483582259347783
validation,0.2332826755592538
validation,0.8275107880135276
validation,0.7284065692819096
validation,0.3636240594405851
validation,0.2102816370327975
validation,0.8150482095551422
validation,0.4143104339013389
validation,0.3092395434051683
validation,0.5040943031915145
validation,0.4954701492507152
validation,0.5555002116721829
validation,0.1893047101013678
validation,0.1304204568335339
validation,0.8275107880135276
validation,0.6724633788031885
validation,0.3042252284946426
validation,0.7103321787196125
validation,0.2518185343353716
validation,0.6032099200291698
validation,0.100266469806238
validation,0.3427773805827808
validation,0.7333010204415411
validation,0.5045273772493064
validation,0.660418655801936
validation,0.4504682418841667
validation,0.4323861416188162
validation,0.2683652785992213
validation,0.4737628211645296
validation,0.5696110890204235
validation,0.8969166672465163
validation,0.352711734272614
validation,0.4737628211645296
validation,0.4475855063266858
validation,0.7683250200233438
validation,0.2646986023413349
validation,0.2566070663700036
validation,0.3562096427703447
validation,0.7550676533967142
validation,0.7223974092228173
validation,0.5455438536389566
validation,0.3573459669330381
validation,0.5236496631751432
validation,0.5246769862512112
validation,0.2616276475957829
validation,0.1798654880998114
validation,0.4098025811101964
validation,0.4600023323649199
validation,0.1784245027156513
validation,0.3566629900484195
validation,0.1595873781948855
validation,0.7831631899428279
validation,0.5168346160810924
validation,0.3479792338421851
validation,0.3476718324958605
validation,0.2496284519734439
validation,0.3522935682131464
validation,0.7277776952728875
validation,0.3303864099601249
validation,0.3557765687125529
validation,0.4737628211645296
validation,0.5040943031915145
validation,0.2493291030057569
validation,0.568818934589633
validation,0.2756354578258059
validation,0.6735746950808859
validation,0.3233160418044105
validation,0.3213372021795054
validation,0.1526813998786375
validation,0.1957268853481766
validation,0.7579387360371103
validation,0.6608739605409338
validation,0.3496209518571744
validation,0.3207520183565454
validation,0.2200147872129989
validation,0.3903047234837816
validation,0.3862944064191919
validation,0.3476718324958605
validation,0.4737628211645296
validation,0.563100513543177
validation,0.6186338207600237
validation,0.8043142455936247
validation,0.2624214015379646
validation,0.1648184352189985
validation,0.3304644066802566
validation,0.3213372021795054
validation,0.6167367711343289
validation,0.3207520183565454
validation,0.3636240594405851
validation,0.2389230154354976
validation,0.3572443203103572
validation,0.2349790233340897
validation,0.3655163135277929
validation,0.3518688403057297
validation,0.6609094600304327
validation,0.7841461983657839
validation,0.2281579224174139
validation,0.2254060761207309
validation,0.2961813051206832
validation,0.3572443203103572
validation,0.7267939808867546
validation,0.6582791329481753
validation,0.3562096427703447
validation,0.8218025857024015
validation,0.5040943031915145
validation,0.2422129386123067
validation,0.3189459980094184
validation,0.3562096427703447
validation,0.6736807981792136
validation,0.2467741008939572
validation,0.3468438098778216
validation,0.4737628211645296
validation,0.3570175855088544
validation,0.762091430802025
validation,0.5275419829727316
validation,0.3018504665899829
validation,0.5040943031915145
validation,0.4204668095476317
validation,0.3562096427703447
validation,0.420667338694208
validation,0.3468892500451618
validation,0.7797114438941706
validation,0.2674263162921793
validation,0.608037537898911
validation,0.2483582259347783
validation,0.2096725535998894
validation,0.6653199673187545
validation,0.7718796218123364
validation,0.2005193518869616
validation,0.281186793360654
validation,0.4293769818814719
validation,0.2412427886854299
validation,0.2246171200192371
validation,0.1901872252593746
validation,0.5992663516266712
validation,0.3468892500451618
validation,0.5182615716996728
validation,0.1356279265884912
validation,0.7425134253846852
validation,0.3361959730211477
validation,0.8030033312472675
validation,0.6835815506644619
validation,0.164015152031636
validation,0.2669764669673998
validation,0.6320595983922511
validation,0.6269260912533419
validation,0.6854552908275741
validation,0.3557765687125529
validation,0.1801139263889362
validation,0.1578561759165611
validation,0.814773691568259
validation,0.1833321706352802
validation,0.3468892500451618
validation,0.6439935662622488
validation,0.2037982596875808
validation,0.5605731502391498
validation,0.6240280749943119
validation,0.3435173911191124
validation,0.3562096427703447
validation,0.1997821171881972
validation,0.3468892500451618
validation,0.3557765687125529
validation,0.5040943031915145
validation,0.2932900906172447
validation,0.2370221625006874
validation,0.3923608052667207
validation,0.2050464266442229
validation,0.3601379013787357
validation,0.5472047750375314
validation,0.7991539462342153
validation,0.6637805426708288
validation,0.3207520183565454
validation,0.403285332469753
validation,0.3572443203103572
validation,0.5040943031915145
validation,0.4331323543028749
validation,0.7851359492564288
validation,0.5953951380751018
validation,0.5252006032222288
validation,0.7994173615968073
validation,0.4482589565032682
validation,0.4205630686892503
validation,0.3475235317925708
validation,0.5476838059693405
validation,0.5275419829727316
validation,0.3522935682131464
validation,0.3562096427703447
validation,0.3213181746742072
validation,0.3572443203103572
validation,0.5040943031915145
validation,0.5040943031915145
validation,0.8063498159844292
validation,0.3207520183565454
validation,0.4425115435006004
validation,0.547166574208674
validation,0.4737628211645296
validation,0.3468892500451618
validation,0.2660300659933956
validation,0.7228761615125308
validation,0.5230506306659646
validation,0.2541421367728931
validation,0.2788093392108414
validation,0.3865738565413017
validation,0.3221381270753971
validation,0.5478845429140818
validation,0.1756199796126142
validation,0.3908757216714024
validation,0.3496209518571744
validation,0.2850972881765054
validation,0.1831976460854501
validation,0.8371924990098967
validation,0.2411398753525424
validation,0.802343135107332
validation,0.2838284441671362
validation,0.5045273772493064
validation,0.1324700879312301
validation,0.4737628211645296
validation,0.1865007782815896
validation,0.1672645553683408
validation,0.3003426532736416
validation,0.2412601464696131
validation,0.5371639229391505
validation,0.4195765725758018
validation,0.4053347921738993
validation,0.571464896989951
validation,0.3557765687125529
validation,0.7755693050735409
validation,0.5339151858400212
validation,0.3065902133139054
validation,0.353178978563316
validation,0.5310343755650738
validation,0.5196287251970191
validation,0.8187873086452216
validation,0.2454557931175043
validation,0.3664407241800574
validation,0.2422388050944665
validation,0.3636240594405851
validation,0.2197185095227121
validation,0.4346002718709116
validation,0.2829624504227042
validation,0.3862690956212268
validation,0.2639744025633696
validation,0.2738015848767664
validation,0.5040943031915145
validation,0.5200076358938697
validation,0.7827149724161591
validation,0.4737628211645296
validation,0.5040943031915145
validation,0.3557765687125529
validation,0.3631937569324225
validation,0.2412427886854299
validation,0.1611772473274454
validation,0.3106251479643594
validation,0.4005711060704373
validation,0.509526127744947
validation,0.5472047750375314
validation,0.2665611707973716
validation,0.4031033190103465
validation,0.6156032816587286
validation,0.2497531363766936
validation,0.5179134780370387
validation,0.3232040990885441
validation,0.4737628211645296
validation,0.5171708055812665
validation,0.4245388919813861
validation,0.3213372021795054
validation,0.4737628211645296
validation,0.0985661927267387
validation,0.3847363049723045
validation,0.3566629900484195
validation,0.7737936455478316
validation,0.5958237278145241
validation,0.0923938298393918
validation,0.5252872181511059
validation,0.1364355233503464
validation,0.6706176934314931
validation,0.9253549769347172
validation,0.5005469607139443
validation,0.2645268077732519
validation,0.8942985874063075
validation,0.5016817176331757
validation,0.4737628211645296
validation,0.283035898876175
validation,0.3407402738970694
validation,0.3468892500451618
validation,0.5092109522637049
validation,0.3476718324958605
validation,0.7377439329864846
validation,0.9475463809768953
validation,0.3221381270753971
validation,0.8228743380434496
validation,0.4075394049576291
validation,0.3221381270753971
validation,0.335653223528862
validation,0.4737628211645296
validation,0.794055292199117
validation,0.228717513226538
validation,0.5333453074626663
validation,0.7048104404154395
validation,0.4895900955417034
validation,0.5040943031915145
validation,0.3950753859423005
validation,0.5863423550368991
validation,0.1893691581752811
validation,0.3557765687125529
validation,0.8275107880135276
validation,0.5040943031915145
validation,0.6957336514313782
validation,0.757008476419837
validation,0.3557765687125529
validation,0.2930702777726573
validation,0.4737628211645296
validation,0.1609645661160016
validation,0.5472047750375314
validation,0.3333967017260505
validation,0.3838234141933642
validation,0.7873966384353946
validation,0.3213372021795054
validation,0.6419216579056692
validation,0.7836609752406538
validation,0.4083914450692026
validation,0.8358340535283898
validation,0.4811695753586696
validation,0.361209385576564
validation,0.3960749554370215
validation,0.2493291030057569
validation,0.5112443437241836
validation,0.2126798748045147
validation,0.3468892500451618
validation,0.2483582259347783
validation,0.3948242907377453
validation,0.3558030424861295
validation,0.7783519393526546
validation,0.6342246484657326
validation,0.3162358444219266
validation,0.2876308833292757
validation,0.2412427886854299
validation,0.423540021255492
validation,0.8128573984090626
validation,0.8098908991302713
validation,0.8018381901172187
validation,0.3572443203103572
validation,0.3111135571173397
validation,0.5560108730099138
validation,0.673763989865208
validation,0.1745429080587285
validation,0.3265322998333107
validation,0.2651892186587428
validation,0.7609389154702906
validation,0.7238252542159722
validation,0.3385795810040771
validation,0.4639944450934031
validation,0.3572443203103572
validation,0.5679252258733536
validation,0.8164791738485991
validation,0.7926160130988408
validation,0.1066490595638949
validation,0.2493291030057569
validation,0.3476718324958605
validation,0.776038761240001
validation,0.4137654217891985
validation,0.3476718324958605
validation,0.4120001484519672
validation,0.3631937569324225
validation,0.5852309100697005
validation,0.5472047750375314
validation,0.5179253821994987
validation,0.1926249316718034
validation,0.732054486645861
validation,0.5823243598785554
validation,0.7026153623900296
validation,0.1992077204967987
validation,0.2259541378764417
validation,0.3259673284740582
validation,0.2881651228655506
validation,0.1426440237473217
validation,0.4402866143315974
validation,0.4030914427108951
validation,0.1606900564446159
validation,0.5678893349027256
validation,0.3557765687125529
validation,0.266511847517382
validation,0.3639525329717422
validation,0.5117755958123559
validation,0.2005554918229966
validation,0.6634635945263468
validation,0.7318099437154315
validation,0.324078379646382
validation,0.3384591371144177
validation,0.5021147916909676
validation,0.1757190566120361
validation,0.8221280414724216
validation,0.6286147881525391
validation,0.7048104404154395
validation,0.3572443203103572
validation,0.9463901826160268
validation,0.3221381270753971
validation,0.2845285064455228
validation,0.3298959721062757
validation,0.3303432653803996
validation,0.3557765687125529
validation,0.4449585381189428
validation,0.6331967965753531
validation,0.3407402738970694
validation,0.3213372021795054
validation,0.3914941511403227
validation,0.2661945310765944
validation,0.616708189048245
validation,0.1692973885202869
validation,0.3892191490909047
validation,0.3531634642673738
validation,0.8186268236418701
validation,0.7409171065320024
validation,0.4737628211645296
validation,0.3278869143988429
validation,0.5472047750375314
validation,0.5016817176331757
validation,0.6611003529611271
validation,0.5016817176331757
validation,0.513821428846046
validation,0.3407402738970694
validation,0.6945620710921866
validation,0.6791917972147617
validation,0.4060208770319116
validation,0.7734714935532558
validation,0.3636240594405851
validation,0.7596711890283355
validation,0.2842141162336959
validation,0.2103808431168577
validation,0.7251907450252322
validation,0.3452535483333587
validation,0.5472047750375314
validation,0.353178978563316
validation,0.6317719429353518
validation,0.147927509864465
validation,0.5471948288790592
validation,0.7820483868454988
validation,0.5016817176331757
validation,0.347548842590536
validation,0.5040943031915145
validation,0.824059749743853
validation,0.2043313377617812
validation,0.3847283658001535
validation,0.5385504256872315
validation,0.2899499146826128
validation,0.3572443203103572
validation,0.8819429048513783
validation,0.7581233013607124
validation,0.1929753243088368
validation,0.6162245346220366
validation,0.3557765687125529
validation,0.7090351341262239
validation,0.3396647758387893
validation,0.8344709572138482
validation,0.4604437486296887
validation,0.3021916097514784
validation,0.2573240450716587
validation,0.2900843563587325
validation,0.6069488899110829
validation,0.184509820498567
validation,0.2345194626352425
validation,0.4012291138710387
validation,0.6732053063292686
validation,0.3407402738970694
validation,0.2816459562934864
validation,0.783335996202527
validation,0.5153312782800712
validation,0.5016817176331757
validation,0.8889540228320726
validation,0.3696018714129921
validation,0.2512969413264972
validation,0.3531634642673738
validation,0.5040943031915145
validation,0.3572443203103572
validation,0.1255859594655565
validation,0.4737628211645296
validation,0.7441867246454469
validation,0.2530851604979817
validation,0.5045273772493064
validation,0.743753650587655
validation,0.3468892500451618
validation,0.353178978563316
validation,0.2412427886854299
validation,0.8537353062358185
validation,0.5334682537190775
validation,0.3213372021795054
validation,0.6219068486378994
validation,0.4737628211645296
validation,0.2426019522231415
validation,0.8303052196710472
validation,0.2412427886854299
validation,0.7312776519223056
validation,0.2756151662844719
validation,0.1619424163565991
validation,0.3407402738970694
validation,0.8098908991302713
validation,0.3854699052195871
validation,0.3598247635330044
validation,0.776038761240001
validation,0.3631129657828939
validation,0.735893537496488
validation,0.1837589163469959
validation,0.5309231629226034
validation,0.4741958952223215
validation,0.5044052210366103
validation,0.5096161811130325
validation,0.5021147916909676
validation,0.3557765687125529
validation,0.3839906739958233
validation,0.5052837796996938
validation,0.3631937569324225
validation,0.2357035716274699
validation,0.2912268699623411
validation,0.6963665030611925
validation,0.5106859103726723
validation,0.5640035398511651
validation,0.2119537574865491
validation,0.2750936118741631
validation,0.2412427886854299
validation,0.3229912009674497
validation,0.268203305509633
validation,0.7820483868454988
validation,0.263849801120049
validation,0.5040943031915145
validation,0.1765379338542325
validation,0.363157303450723
validation,0.3557765687125529
validation,0.3496209518571744
validation,0.2092875693824614
validation,0.7554905683609897
validation,0.5604295529350286
validation,0.8275781962285985
validation,0.5040943031915145
validation,0.9546224134563472
validation,0.2357558919329717
validation,0.3636240594405851
validation,0.3671444961276721
validation,0.3572443203103572
validation,0.2460746968291755
validation,0.5536271435632202
validation,0.361209385576564
validation,0.2578539824537083
validation,0.2168869745526664
validation,0.473143203441105
validation,0.710669528034522
validation,0.3202662165719354
validation,0.382075971309066
validation,0.3805612008579913
validation,0.5477606146061341
validation,0.4163472397041775
validation,0.3891891999944644
validation,0.1537092562770233
validation,0.2561194558829761
validation,0.3631937569324225
validation,0.3636111360430619
validation,0.3303281640856256
validation,0.7364087054782689
validation,0.2418281231671967
validation,0.3631937569324225
validation,0.5293781116760512
validation,0.7396918771472002
validation,0.6824419621873314
validation,0.7576006898603063
validation,0.3531634642673738
validation,0.5472047750375314
validation,0.3572443203103572
validation,0.4741958952223215
validation,0.5016817176331757
validation,0.7791190191561833
validation,0.4737628211645296
validation,0.7755693050735409
validation,0.9151843966402856
validation,0.3508631968452282
validation,0.5472047750375314
validation,0.13871276780424
validation,0.6520630638925157
validation,0.2649439985877022
validation,0.2510631432498551
validation,0.3407402738970694
validation,0.1341508868772183
validation,0.2435499175840505
validation,0.353178978563316
validation,0.7812105394163493
validation,0.317215867207332
validation,0.5040943031915145
validation,0.3557765687125529
validation,0.5312316662339361
validation,0.3970915343151257
validation,0.5016817176331757
validation,0.3213372021795054
validation,0.6426917418013943
validation,0.345415604781792
validation,0.2062917410197348
validation,0.2412427886854299
validation,0.5583762030945896
validation,0.3557765687125529
validation,0.3075488390133993
validation,0.2448290509690496
validation,0.2483582259347783
validation,0.3169383823542663
validation,0.3511583401586181
validation,0.487708827214138
validation,0.5045273772493064
validation,0.4419051869905951
validation,0.2886274564205119
validation,0.6518021606118495
validation,0.8456799938540729
validation,0.2558763712577802
validation,0.6369401515070692
validation,0.3557765687125529
validation,0.7837705521840536
validation,0.2377856726627064
validation,0.3572443203103572
validation,0.3213372021795054
validation,0.3334846542099512
validation,0.2397034836322281
validation,0.751040983586863
validation,0.7116217214835991
validation,0.7320129636542725
validation,0.3005926113843564
validation,0.2521539093682613
validation,0.3357410282054854
validation,0.2191521743295138
validation,0.4737628211645296
validation,0.5342928402987545
validation,0.4490198158212898
validation,0.2724200763554605
validation,0.7306294902995506
validation,0.3776761876974385
validation,0.3557765687125529
validation,0.3207520183565454
validation,0.5516027830080146
validation,0.5472047750375314
validation,0.4636010469650674
validation,0.3207520183565454
validation,0.4468851720128451
validation,0.6357639029999146
validation,0.7226051045904384
validation,0.1578780951402222
validation,0.3839910080276846
validation,0.5428633048897517
validation,0.305081834844264
validation,0.2196288654100575
validation,0.5476378490953233
validation,0.5563771139973092
validation,0.3402607575841376
validation,0.2971657319397347
validation,0.3856281019673082
validation,0.7261512894960204
validation,0.5472047750375314
validation,0.2412427886854299
validation,0.2836995335320539
validation,0.6677128573837064
validation,0.3207520183565454
validation,0.5476378490953233
validation,0.2855429630404121
validation,0.6962740526499739
validation,0.21351228257023
validation,0.598025938900129
validation,0.3502305766234485
validation,0.3762933872607744
validation,0.3835732120320227
validation,0.5045273772493064
validation,0.1576006401984261
validation,0.4759642177752539
validation,0.3466138520888806
validation,0.4321958095412135
validation,0.3221381270753971
validation,0.2130445236049552
validation,0.5595660487881017
validation,0.3073403931620448
validation,0.3468892500451618
validation,0.3476718324958605
validation,0.2184724859093557
validation,0.4741958952223215
validation,0.5178965449035219
validation,0.3557765687125529
validation,0.5293781116760512
validation,0.1609611443143929
validation,0.3892977564420615
validation,0.2493291030057569
validation,0.3221381270753971
validation,0.3207520183565454
validation,0.451711689067685
validation,0.3407402738970694
validation,0.5472047750375314
validation,0.6312071408433177
validation,0.4442723607073541
validation,0.2496057005412723
validation,0.5040943031915145
validation,0.4161880044458823
validation,0.7871516227002499
validation,0.2183902373375164
validation,0.702216336496012
validation,0.3476742968236078
validation,0.6510613422963927
validation,0.5040943031915145
validation,0.3562096427703447
validation,0.9903762530008136
validation,0.2507094809461481
validation,0.154278484327767
validation,0.3292981216700363
validation,0.4737628211645296
validation,0.3468892500451618
validation,0.25495548064331
validation,0.2502153259278739
validation,0.5021147916909676
validation,0.2265781532362049
validation,0.3496209518571744
validation,0.4737628211645296
validation,0.3424904680871725
validation,0.5040943031915145
validation,0.3572443203103572
validation,0.53667930655225
validation,0.2859470911987328
validation,0.2111209440971801
validation,0.7169396583242614
validation,0.3557765687125529
validation,0.3735037822529091
validation,0.2693251556089461
validation,0.1974172396742603
validation,0.4327245968246247
validation,0.3468892500451618
validation,0.958884570663796
validation,0.7871780369144414
validation,0.6389744688427648
validation,0.5045273772493064
validation,0.2113293138549248
validation,0.4235450515893766
validation,0.4671381255029754
validation,0.5016817176331757
validation,0.3875011151805071
validation,0.5472047750375314
validation,0.353178978563316
validation,0.3730116552088592
validation,0.3626608817427221
validation,0.7971092268001848
validation,0.353178978563316
validation,0.7319811554521493
validation,0.2585146105216677
validation,0.4390772163339866
validation,0.5539565777361283
validation,0.2412427886854299
validation,0.5016817176331757
validation,0.5016817176331757
validation,0.7682865096720038
validation,0.9143861514243846
validation,0.3894513883134372
validation,0.9123449149240056
validation,0.2748391943738381
validation,0.6945700513280262
validation,0.6213399011252518
validation,0.6537863359212759
validation,0.4737628211645296
validation,0.2764911173988039
validation,0.4737628211645296
validation,0.4737628211645296
validation,0.8244016625380602
validation,0.5416947573940781
validation,0.8520702271197574
validation,0.5201473520825393
validation,0.3696654519978418
validation,0.2328159341024008
validation,0.5291861680350016
validation,0.3407402738970694
validation,0.3207520183565454
validation,0.1940143044526744
validation,0.4645440215835479
validation,0.3829002419092784
validation,0.353178978563316
validation,0.773255955183094
validation,0.3476718324958605
validation,0.2517370451067381
validation,0.1951858066992388
validation,0.6208907299678948
validation,0.4712723136355049
validation,0.2304926441331368
validation,0.46175142514359
validation,0.7193433283131674
validation,0.5078778836191213
validation,0.4984174290031157
validation,0.4221438647446123
validation,0.2079193226303873
validation,0.2111697879805263
validation,0.6529481288237944
validation,0.2337435346963535
validation,0.3022121914077473
validation,0.3877133531265012
validation,0.670358514171239
validation,0.1533381826927994
validation,0.6003614875581066
validation,0.3305728676401629
validation,0.5974822456054435
validation,0.5476378490953233
validation,0.4741958952223215
validation,0.2646025371410471
validation,0.8061718692551593
validation,0.1947747219959489
validation,0.5472047750375314
validation,0.2515689615638347
validation,0.3468892500451618
validation,0.1817748096629568
validation,0.4737628211645296
validation,0.4545760268862757
validation,0.4806859439384108
validation,0.3299625377817641
validation,0.2667800648846332
validation,0.2120139600702141
validation,0.963149446416548
validation,0.5040943031915145
validation,0.687625431173487
validation,0.3572443203103572
validation,0.6058405910869268
validation,0.7673613505674735
validation,0.8415701515394711
validation,0.2604457787642235
validation,0.2506319857853192
validation,0.4541423592214068
validation,0.7732478654202437
validation,0.5413609548058571
validation,0.4207652187404295
validation,0.4216675811017665
validation,0.5016817176331757
validation,0.2386415495739667
validation,0.174838651069782
validation,0.8079784767394141
validation,0.2473203674808356
validation,0.4737628211645296
validation,0.1932938197156546
validation,0.4681826997506089
validation,0.4295470075450215
validation,0.0665441204592579
validation,0.5320697925773428
validation,0.2914220073820172
validation,0.3562096427703447
validation,0.5016817176331757
validation,0.3407402738970694
validation,0.6677128573837064
validation,0.6655548279378316
validation,0.5395932997936266
validation,0.1668202720693419
validation,0.5943354979787467
validation,0.5040943031915145
validation,0.3562096427703447
validation,0.7422591006887885
validation,0.3796972513011808
validation,0.136810607913981
validation,0.7807255608287978
validation,0.7048929090583228
validation,0.5016817176331757
validation,0.4737628211645296
validation,0.2412427886854299
validation,0.2319746793957764
validation,0.7701721648870753
validation,0.7635137062516225
validation,0.5968856566369536
validation,0.3636240594405851
validation,0.3829002419092784
validation,0.581012180336706
validation,0.5473399834132238
validation,0.7121230092522124
validation,0.2057488137111765
validation,0.4737628211645296
validation,0.3496209518571744
validation,0.5014865696811622
validation,0.5461804681683193
validation,0.7609389154702906
validation,0.4917434734303351
validation,0.1516229640705054
validation,0.2675751722607921
validation,0.5040943031915145
validation,0.2295485610810209
validation,0.8326237073883157
validation,0.6170302214866711
validation,0.8162985801224707
validation,0.5016817176331757
validation,0.1271120679578287
validation,0.3562096427703447
validation,0.8302433600467155
validation,0.4737628211645296
validation,0.71292628263904
validation,0.3213372021795054
validation,0.5561691186747317
validation,0.3507976211270485
validation,0.5614569069808379
validation,0.3479792338421851
validation,0.4424610775650412
validation,0.8652049229335325
validation,0.7037196742970332
validation,0.4881649164643151
validation,0.274597711897632
validation,0.5976479339296589
validation,0.3221381270753971
validation,0.8162985801224707
validation,0.4497452260126229
validation,0.1742829406100496
validation,0.7503903145449569
validation,0.3477277256010683
validation,0.5016817176331757
validation,0.3496209518571744
validation,0.2352109023429301
validation,0.2957317513728547
validation,0.2270045488749468
validation,0.7828114122886038
validation,0.2900680935170098
validation,0.7440767042478477
validation,0.3572443203103572
validation,0.46638738553
validation,0.2886041562304728
validation,0.4741958952223215
validation,0.3213372021795054
validation,0.4423164978242275
validation,0.2986278545615798
validation,0.3547517072512132
validation,0.3572443203103572
validation,0.6521741829100477
validation,0.3557765687125529
validation,0.3557765687125529
validation,0.2577692427763569
validation,0.3531634642673738
validation,0.3764707072813431
validation,0.7761899598354444
validation,0.7809305150959204
validation,0.2829814518116353
validation,0.5139896598721524
validation,0.3557765687125529
validation,0.890870315991269
validation,0.0559638308236432
validation,0.4741958952223215
validation,0.3407402738970694
validation,0.5341027488743322
validation,0.9918152882741792
validation,0.507354310580913
validation,0.5476378490953233
validation,0.2412427886854299
validation,0.4818905087232029
validation,0.1278848966152726
validation,0.3588594516476701
validation,0.3213372021795054
validation,0.5045273772493064
validation,0.1452227505040743
validation,0.3572443203103572
validation,0.4845605715055281
validation,0.5016817176331757
validation,0.5518401967864581
validation,0.5499606833246007
validation,0.3232345967280707
validation,0.4493372824246004
validation,0.1810093315860735
validation,0.5472047750375314
validation,0.2438232319080771
validation,0.438625080452102
validation,0.5115559852154072
validation,0.2946722829901318
validation,0.2253398355450149
validation,0.253929529396783
validation,0.9121178163791768
validation,0.3213372021795054
validation,0.5291861680350016
validation,0.9166926271834784
validation,0.3522935682131464
validation,0.3557765687125529
validation,0.172437685345433
validation,0.1841997335021186
validation,0.3438333268832071
validation,0.5932461858129617
validation,0.5040943031915145
validation,0.7888414030523984
validation,0.5472047750375314
validation,0.5476378490953233
validation,0.216182503720111
validation,0.6445157618250967
validation,0.3496209518571744
validation,0.1570924929719334
validation,0.2796071904818588
validation,0.7576297863717832
validation,0.4005711060704373
validation,0.7075746542061893
validation,0.5040943031915145
validation,0.7612753523694111
validation,0.6806010772439982
validation,0.3636240594405851
validation,0.782669696797445
validation,0.2042689229598397
validation,0.5269967719998282
validation,0.5636081691988224
validation,0.1249909195561533
validation,0.7649440236852899
validation,0.5943203900135029
validation,0.1775306084444862
validation,0.2412427886854299
validation,0.2440591411132001
validation,0.2344093649332214
validation,0.3163530176801503
validation,0.1316789215646228
validation,0.4957642599939394
validation,0.5715430795350926
validation,0.5348919266985955
validation,0.3572443203103572
validation,0.2550066826459279
validation,0.2477598434094678
validation,0.4899632320672925
validation,0.2493291030057569
validation,0.3335823301768568
validation,0.3557765687125529
validation,0.353178978563316
validation,0.9164839629446696
validation,0.9284825205911814
validation,0.3213372021795054
validation,0.281738437770247
validation,0.1960040556910527
validation,0.660140884266998
validation,0.4797038160432004
validation,0.2551104178327685
validation,0.2822621643132729
validation,0.8957444432338716
validation,0.6625047343473073
validation,0.5659003864583143
validation,0.3777178764539545
validation,0.3691935924601495
validation,0.3006118783634271
validation,0.6681856042101327
validation,0.6568136564265943
validation,0.7230355238051144
validation,0.5472047750375314
validation,0.4541531119220003
validation,0.5385504256872315
validation,0.7734714935532558
validation,0.4737628211645296
validation,0.3591745920830109
validation,0.3808503504931086
validation,0.5323688756725247
validation,0.5016817176331757
validation,0.4292788684438618
validation,0.3557765687125529
validation,0.7034067035660135
validation,0.5978006149947708
validation,0.7376406131592288
validation,0.3676017090398894
validation,0.6971696758163086
validation,0.1981785701037769
validation,0.5040943031915145
validation,0.2493291030057569
validation,0.5750673264998831
validation,0.7309638038866123
validation,0.4737628211645296
validation,1.0207997182116322
validation,0.5016817176331757
validation,0.5476378490953233
validation,0.3664819509627181
validation,0.72131352078769
validation,0.8592432831565421
validation,0.1360867543006073
validation,0.4669839597090055
validation,0.5594947141300484
validation,0.3551577138533824
validation,0.8882740708870932
validation,0.2268585817468572
validation,0.411719809940032
validation,0.3912274010376156
validation,0.4228706966011363
validation,0.2309465594904077
validation,0.3003945610368699
validation,0.341555137528429
validation,0.1577516531077711
validation,0.9066458386122058
validation,0.1579282655842299
validation,0.3221381270753971
validation,0.346810671425527
validation,0.4358166391594494
validation,0.6475098071178803
validation,0.3639525329717422
validation,0.3118383719911325
validation,0.2483582259347783
validation,0.3399380287946804
validation,0.688237954633404
validation,0.2368263984088472
validation,0.7422859810666277
validation,0.2425816460554427
validation,0.4007080636134262
validation,0.2422011702579564
validation,0.3468892500451618
validation,0.2553430677399061
validation,0.3468979793139418
validation,0.3213372021795054
validation,0.3407402738970694
validation,0.4024519635542923
validation,0.7529021387419218
validation,0.3525781760289184
validation,0.5293781116760512
validation,0.5040943031915145
validation,0.312653965789567
validation,0.7565390202533769
validation,0.4737628211645296
validation,0.4064647108337213
validation,0.2544191357281078
validation,0.4741958952223215
validation,0.4913403523719373
validation,0.0906855706115783
validation,0.3628373594009109
validation,0.2125907591802877
validation,0.6893925624921682
validation,0.3091658045149556
validation,0.7011255703776057
validation,0.7277776952728875
validation,0.3468892500451618
validation,0.7231302746488946
validation,0.5472047750375314
validation,0.2262242965486294
validation,0.5024591974407231
validation,0.4801212034410047
validation,0.4200752771608225
validation,0.3004858812481635
validation,0.7966772691298101
validation,0.5040943031915145
validation,0.5040943031915145
validation,0.5476378490953233
validation,0.2794553162732335
validation,0.776038761240001
validation,0.3269715417050563
validation,0.4187326939555836
validation,0.7365876717071361
validation,0.6930831141694368
validation,0.3557765687125529
validation,0.3468892500451618
validation,0.3461251824077023
validation,0.5472047750375314
validation,0.7396918771472002
validation,0.3213372021795054
validation,0.133502088611624
validation,0.4741958952223215
validation,0.2515189698600011
validation,0.2526398694543765
validation,0.4913156265853629
validation,0.7266095644196643
validation,0.665110934823938
validation,0.7844350928123318
validation,0.5476378490953233
validation,0.3900690543235626
validation,0.8098064157838541
validation,0.2662076733656606
validation,0.5640510109002654
validation,0.353178978563316
validation,0.5021147916909676
validation,0.4737628211645296
validation,0.5227120606812145
validation,0.3259220023693108
validation,0.2350833349318708
validation,0.0782567715483739
validation,0.6215803564116501
validation,0.4069732404652419
validation,0.3192648149395972
validation,0.3636240594405851
validation,0.3557765687125529
validation,0.5472047750375314
validation,0.1516597834749844
validation,0.625875327651474
validation,0.5472047750375314
validation,0.8153912960626423
validation,0.2128183298160136
validation,0.7820570817488168
validation,0.6908772010543528
validation,0.5472047750375314
validation,0.8255561074921506
validation,0.8263746690230827
validation,0.6715822256852028
validation,0.2818838848725175
validation,0.7864940984929057
validation,0.5641039531445957
validation,0.6312071408433177
validation,0.3612568954436221
validation,0.7004071035035735
validation,0.7031808289018066
validation,0.6322775293155646
validation,0.2378815330218023
validation,0.1348924161347434
validation,0.6053767543581665
validation,0.2854243950571302
validation,0.7190961971910625
validation,0.705294198508943
validation,0.3285525619604292
validation,0.2872894529918994
validation,0.1275476592777476
validation,0.2929853192234418
validation,0.3958811608670962
validation,0.2249689734540236
validation,0.666140950927209
validation,0.2585146105216677
validation,0.7894162086913322
validation,0.3682256487154464
validation,0.5016817176331757
validation,0.1497549225244918
validation,0.2841341849487906
validation,0.1909268386303304
validation,0.5261849606591456
validation,0.5472047750375314
validation,0.2412427886854299
validation,0.4737628211645296
validation,0.3238893253305635
validation,0.2412427886854299
validation,0.5040943031915145
validation,0.8312004712747322
validation,0.7025449632809166
validation,0.1472143264554338
validation,0.4741958952223215
validation,0.5045273772493064
validation,0.2014037862614494
validation,0.3496209518571744
validation,0.7504222854893153
validation,0.1489742024598373
validation,0.5476378490953233
validation,0.2172368104424386
validation,0.4666402602590068
validation,0.6945700513280262
validation,0.3631937569324225
validation,0.121641890666615
validation,0.3572443203103572
validation,0.5016817176331757
validation,0.2453564910674471
validation,0.7048104404154395
validation,0.4450037965845507
validation,0.6899752483592013
validation,0.5472047750375314
validation,0.5240842474106678
validation,0.2251355066145313
validation,0.5476378490953233
validation,0.4741958952223215
validation,0.2483582259347783
validation,0.353178978563316
validation,0.2379579773988042
validation,0.4332865756596197
validation,0.2764078184754456
validation,0.2175419889540678
validation,0.5472047750375314
validation,0.4615498335827561
validation,0.590333573299743
validation,0.6321693899415317
validation,0.4737628211645296
validation,0.2131903717475053
validation,0.5040943031915145
validation,0.6100599028436625
validation,0.1984704551081146
validation,0.7969261566374028
validation,0.7145628789335565
validation,0.3407402738970694
validation,0.4648177000656736
validation,0.3664816254131273
validation,0.353178978563316
validation,0.2493291030057569
validation,0.3557765687125529
validation,0.3213372021795054
validation,0.506336031143346
validation,0.8378216129744975
validation,0.3416734292610662
validation,0.3468892500451618
validation,0.1424413898431588
validation,0.3531634642673738
validation,0.5040943031915145
validation,0.4656106120222094
validation,0.1786647682393434
validation,0.3011415173292448
validation,0.2617764288902924
validation,0.3983934559020491
validation,0.3572443203103572
validation,0.1875951794442302
validation,0.2456107251121667
validation,0.5784001288318686
validation,0.1614825242447356
validation,0.2249432491456583
validation,0.2802764287199565
validation,0.3468892500451618
validation,0.2208032249374794
validation,0.3976329694933104
validation,0.4737628211645296
validation,0.5351816170745305
validation,0.237130961505082
validation,0.5040943031915145
validation,0.5534181333328981
validation,0.3407402738970694
validation,0.5021147916909676
validation,0.3699605717538264
validation,0.7342430696987319
validation,0.7145733407188536
validation,0.2603814632311544
validation,0.3621919913714909
validation,0.1872777031050692
validation,0.2423828197366191
validation,0.7849194694858949
validation,0.6693359252504398
validation,0.3467275513608256
validation,0.3367905515082141
validation,0.2445050961793027
validation,0.3531634642673738
validation,0.1389935642973486
validation,0.5040943031915145
validation,0.2977385791120228
validation,0.1945598450708735
validation,0.0883332488372711
validation,0.7419407003040558
validation,0.4110519242835637
validation,0.8462340472513384
validation,0.1317321467557762
validation,0.3476718324958605
validation,0.5472047750375314
validation,0.2805451702807047
validation,0.5021147916909676
validation,0.6910510756814385
validation,0.4368654275553977
validation,0.7550676533967142
validation,0.142352448592461
validation,0.3557765687125529
validation,0.1493081496262123
validation,0.2552495348384566
validation,0.3468979793139418
validation,0.3352600773905466
validation,0.7550676533967142
validation,0.7153779091690814
validation,0.5472047750375314
validation,0.7745622596716621
validation,0.548880273833237
validation,0.3879432194159528
validation,0.5476378490953233
validation,0.2750381431994415
validation,0.305839661789902
validation,0.5266542677462792
validation,0.2493291030057569
validation,0.2206614253994584
validation,0.1884450183300344
validation,0.4040823366869988
validation,0.2720622539623623
validation,0.5045273772493064
validation,0.7816488748007806
validation,0.2322491144302868
validation,0.2587319552781767
validation,0.264423729565407
validation,0.1947353429760927
validation,0.6835815506644619
validation,0.5472047750375314
validation,0.2910656204211285
validation,0.3326095338832106
validation,0.2412427886854299
validation,0.4741958952223215
validation,0.4741958952223215
validation,0.3249644504508979
validation,0.6396100341115692
validation,0.2784827120214628
validation,0.5472047750375314
validation,0.3987237356117166
validation,0.3562096427703447
validation,0.4031338245356986
validation,0.4049384292751359
validation,0.2118749960281898
validation,0.7138034797317634
validation,0.4643394911579498
validation,0.693966520112697
validation,0.7203986924365983
validation,0.7617073100397859
validation,0.6590028007429025
validation,0.3213372021795054
validation,0.5016817176331757
validation,0.3207520183565454
validation,0.5644264548154406
validation,0.7348043445372904
validation,0.3207520183565454
validation,0.2544920847813366
validation,0.8221923046831825
validation,0.7239647344294556
validation,0.3557765687125529
validation,0.2079807447230573
validation,0.3496209518571744
validation,0.623829613916964
validation,0.1836418797172449
validation,0.5472047750375314
validation,0.3894190201997254
validation,0.4128105760584382
validation,0.2568677216679956
validation,0.5016817176331757
validation,0.2483582259347783
validation,0.8422995897378853
validation,0.5016817176331757
validation,0.7192879339421833
validation,0.3213372021795054
validation,0.2450646791362327
validation,0.6608739605409338
validation,0.5016817176331757
validation,0.5045273772493064
validation,0.7274152908387008
validation,0.5472047750375314
validation,0.7739409497197159
validation,0.2493291030057569
validation,0.2437562792328972
validation,0.3221381270753971
validation,0.2483582259347783
validation,0.2331705481033968
validation,0.386408735090229
validation,0.5021147916909676
validation,0.2447097317041677
validation,0.1964929612340916
validation,0.1839139516370261
validation,0.4741958952223215
validation,0.4778148612980147
validation,0.3572443203103572
validation,0.3124814554717964
validation,0.2952574007248316
validation,0.6741126598452937
validation,0.2493291030057569
validation,0.3496209518571744
validation,0.2484171556910583
validation,0.5472047750375314
validation,0.2899265907766555
validation,0.405490994314664
validation,0.1660398880341673
validation,0.3207520183565454
validation,0.5886980674186771
validation,0.5306893338119222
validation,0.2483582259347783
validation,0.4353687292030604
validation,0.3070853203177286
validation,0.8112260727785778
validation,0.0939737188333192
validation,0.6919679671727591
validation,0.6247845615330677
validation,0.6819282451851412
validation,0.4806178422701848
validation,0.323874331587055
validation,0.5097136826587878
validation,0.5040943031915145
validation,0.5170770924143984
validation,0.5580009958878345
validation,0.2052189314628935
validation,0.5958237278145241
validation,0.2670162299125834
validation,0.3780791475453882
validation,0.4741958952223215
validation,0.3213372021795054
validation,0.2412427886854299
validation,0.5016817176331757
validation,0.162556681957805
validation,0.3213372021795054
validation,0.3616605173513412
validation,0.3572443203103572
validation,0.3496209518571744
validation,0.6514671651211419
validation,0.2852695996020765
validation,0.4609341344608842
validation,0.3468892500451618
validation,0.2102945585696344
validation,0.4462005577901816
validation,0.1501786091815861
validation,0.3642087261783301
validation,0.5016817176331757
validation,0.6889352788309581
validation,0.3468892500451618
validation,0.3047560021576522
validation,0.2053684873832856
validation,0.6058441867735708
validation,0.3636240594405851
validation,0.4737628211645296
validation,0.798519248583312
validation,0.1933096250419624
validation,0.133825411955444
validation,0.6708097155388175
validation,0.3907278500060998
validation,0.2334206079892294
validation,0.3468892500451618
validation,0.5092109522637049
validation,0.7228761615125308
validation,0.7871516227002499
validation,0.2667320849754597
validation,0.7799870589381193
validation,0.5902582867930568
validation,0.3310758670120723
validation,0.2663514782725066
validation,0.2765362989493787
validation,0.265577188304657
validation,0.4106972946251042
validation,0.276775934636615
validation,0.6732027150266495
validation,0.248863403904473
validation,0.3499013293368114
validation,0.5214910200500344
validation,0.350165552568683
validation,0.6850360661067589
validation,0.3636240594405851
validation,0.3877038415363383
validation,0.3221381270753971
validation,0.4332865756596197
validation,0.366115358477346
validation,0.298333505657201
validation,0.3978579584275076
validation,0.327461795842023
validation,0.3833985593200976
validation,0.1551812601035889
validation,0.7267939808867546
validation,0.222319619808572
validation,0.3643431476240014
validation,0.3221381270753971
validation,0.6156460050159226
validation,0.6398703939176978
validation,0.6521741829100477
validation,0.3375084359730748
validation,0.8241969930065917
validation,0.3476718324958605
validation,0.4953022011307395
validation,0.2759299604922443
validation,0.2122281177809085
validation,0.5414236330669701
validation,0.8310111189931607
validation,0.3407402738970694
validation,0.2364839950469386
validation,0.3498094990051897
validation,0.8310111189931607
validation,0.2189374658235939
validation,0.4924311184903435
validation,0.5472047750375314
validation,0.7673613505674735
validation,0.3382428324053865
validation,0.6628002242756731
validation,0.5230506306659646
validation,0.6176669964013243
validation,0.7422591006887885
validation,0.5139081168519735
validation,0.7070402163183364
validation,0.5476378490953233
validation,0.2834717829747274
validation,0.2483582259347783
validation,0.3207520183565454
validation,0.3213372021795054
validation,0.2412427886854299
validation,0.5476378490953233
validation,0.2412427886854299
validation,0.7124800016729224
validation,0.4741958952223215
validation,0.7611043996195237
validation,0.8462992069288091
validation,0.7565390202533769
validation,0.269175216209791
validation,0.2587386489754698
validation,0.2649488114651522
validation,0.1285371272413019
validation,0.7069506093874245
validation,0.6380463738939954
validation,0.1526260467806037
validation,0.3496209518571744
validation,0.2272812981196257
validation,0.3631937569324225
validation,0.8805275245685485
validation,0.5040943031915145
validation,0.7234115447490073
validation,0.4737628211645296
validation,0.3921903939839722
validation,0.6777827888239001
validation,0.8374987011243124
validation,0.6885668628395132
validation,0.3852232012719358
validation,0.2288109122254068
validation,0.3496209518571744
validation,0.4341241403875824
validation,0.3949288827517251
validation,0.2603195838336907
validation,0.8223437206914355
validation,0.3476718324958605
validation,0.2557879255521702
validation,0.2769516785286768
validation,0.3213372021795054
validation,0.3532768323044034
validation,0.2493291030057569
validation,0.2412427886854299
validation,0.399317393997495
validation,0.2483582259347783
validation,0.2412427886854299
validation,0.5324129779927051
validation,0.2494156515400444
validation,0.3468892500451618
validation,0.2641387091424031
validation,0.7553446321176828
validation,0.3235894443407048
validation,0.4467447717560784
validation,0.4927153505761146
validation,0.2483582259347783
validation,0.1568067560182925
validation,0.5976479339296589
validation,0.6087218996687391
validation,0.6404135041161303
validation,0.3562096427703447
validation,0.392846070277607
validation,0.7389438643808898
validation,0.5915796209746198
validation,0.7093935419366493
validation,0.4051602675377141
validation,0.2318883924613185
validation,0.4201609718291144
validation,0.8601836373584963
validation,0.1459876357482146
validation,0.3572443203103572
validation,0.2232551096917011
validation,0.4319892580839378
validation,0.2634181997568646
validation,0.3476718324958605
validation,0.7282048103178198
validation,0.0507008482602219
validation,0.5472047750375314
validation,0.5472047750375314
validation,0.2711033477503899
validation,0.2914216833618175
validation,0.4515590080025729
validation,0.6328693283391891
validation,0.296915611869046
validation,0.5040943031915145
validation,0.3572443203103572
validation,0.1607170867242627
validation,0.9951437625774748
validation,0.964229135238031
validation,0.2039945393629
validation,0.4881489982838227
validation,0.5643902871260047
validation,0.3496209518571744
validation,0.2828307621403765
validation,0.8961636649570024
validation,0.722217349502638
validation,0.6400539272254628
validation,0.5045273772493064
validation,0.4751913783987498
validation,0.4737628211645296
validation,0.1864635489408037
validation,0.1650469367613555
validation,0.3229784612114558
validation,0.3557765687125529
validation,0.3213372021795054
validation,0.4741958952223215
validation,0.3207520183565454
validation,0.2412427886854299
validation,0.3656074882406201
validation,0.2254993114612027
validation,0.3572443203103572
validation,0.5016817176331757
validation,0.3945536261287044
validation,0.3636240594405851
validation,0.4741958952223215
validation,0.5581530711176108
validation,0.3407402738970694
validation,0.4737628211645296
validation,0.3484691974261937
validation,0.2199642498177917
validation,0.7930044931274473
validation,0.3764696316963306
validation,0.7820483868454988
validation,0.4741958952223215
validation,0.4354337728633341
validation,0.3490138530549523
validation,0.2582975046307427
validation,0.6734310547720739
validation,0.9070847363672216
validation,0.2639561904695656
validation,0.2425368345602048
validation,0.3954162866229418
validation,0.164058873124289
validation,0.2721053845404826
validation,0.7100091330884442
validation,0.3572443203103572
validation,0.353178978563316
validation,0.7004071035035735
validation,0.8557488799842159
validation,0.2973789637079466
validation,0.2708006366088106
validation,0.6592260031655657
validation,0.2989943565881771
validation,0.326306017278984
validation,0.3012626497430412
validation,0.2195489210245355
validation,0.6062700750198258
validation,0.6853130448277275
validation,0.5152585383341346
validation,0.3920715083152123
validation,0.8128550958190505
validation,0.2741989322799089
validation,0.7216269368478734
validation,0.7054864450304257
validation,0.1500709777197884
validation,0.5476378490953233
validation,0.3278019387538362
validation,0.3039691470107015
validation,0.8624374447344795
validation,0.3572443203103572
validation,0.6969929397938187
validation,0.8009421754968684
validation,0.4368041740161927
validation,0.3196999985118398
validation,0.3369609627909625
validation,0.3748424795605657
validation,0.2210455043460351
validation,0.2843228472971488
validation,0.4644324505605264
validation,0.3572443203103572
validation,0.8316324289451069
validation,0.3562096427703447
validation,0.5016817176331757
validation,0.3221381270753971
validation,0.4193846854631333
validation,0.5472047750375314
validation,0.1827166527921666
validation,0.3036443775989341
validation,0.504980685220553
validation,0.2231330966593158
validation,0.1819215129219201
validation,0.6433481120225912
validation,0.779044185574467
validation,0.2412427886854299
validation,0.3856110403780433
validation,0.824437702132053
validation,0.5016817176331757
validation,0.1822300051155377
validation,0.2266154737429159
validation,0.1790305838324249
validation,0.2683188316087356
validation,0.9707030790436404
validation,0.2382967986543516
validation,0.3531984416102838
validation,0.3221381270753971
validation,0.1929732762058784
validation,0.7739409497197159
validation,0.3207520183565454
validation,0.4743718842118914
validation,0.3631937569324225
validation,0.4249090197312821
validation,0.3479250644060649
validation,0.3562096427703447
validation,0.7565390202533769
validation,0.3857426027788284
validation,0.2267425217283958
validation,0.3572443203103572
validation,0.5472047750375314
validation,0.3572443203103572
validation,0.5040943031915145
validation,0.4118550022528646
validation,0.172775195596968
validation,0.2482733580168009
validation,0.6663746465902562
validation,0.2574879853126833
validation,0.4242908577144502
validation,0.5021147916909676
validation,0.3704229648050515
validation,0.9823372440647036
validation,0.7504222854893153
validation,0.5472047750375314
validation,0.4419806255711954
validation,0.4230020341719347
validation,0.7326403598131614
validation,0.2289825046237684
validation,0.7609389154702906
validation,0.4758665649439623
validation,0.3407402738970694
validation,0.6645602232944966
validation,0.3109988494001973
validation,0.6334851334593875
validation,0.2377393309485454
validation,0.5045273772493064
validation,0.3878561129412811
validation,0.2312038026908555
validation,0.8257581332243018
validation,0.4741958952223215
validation,0.6792649700108958
validation,0.3437971457647183
validation,0.1665586840332474
validation,0.2231724044664969
validation,0.4692890673040516
validation,0.3572443203103572
validation,0.5016817176331757
validation,0.3215320038172665
validation,0.2550173910446925
validation,0.3872826280027697
validation,0.3557765687125529
validation,0.2446186038493022
validation,0.6630127597213635
validation,0.2493291030057569
validation,0.4947124512039172
validation,0.4737628211645296
validation,0.702216336496012
validation,0.4246490029110912
validation,0.5016817176331757
validation,0.7997582318601889
validation,0.7088851273028403
validation,0.3295878546799273
validation,0.7579387360371103
validation,0.1814605164991432
validation,0.5016817176331757
validation,0.5446715464055019
validation,0.5644026059057342
validation,0.2886042520978088
validation,0.7585263299119518
validation,0.7296650635271507
validation,0.1793417966769766
validation,0.4372096905525188
validation,0.490616753775287
validation,0.4182518323015685
validation,0.476152899885383
validation,0.8063905743621606
validation,0.563100513543177
validation,0.5231265907994443
validation,0.5019514840348693
validation,0.503106355962677
validation,0.5016817176331757
validation,0.2772603598819208
validation,0.3424904680871725
validation,0.3099684151614085
validation,0.178949943506763
validation,0.5654022639752798
validation,0.3496209518571744
validation,0.2044567002619781
validation,0.1504143293828377
validation,0.2151394695479015
validation,0.3651903515329144
validation,0.4866180610957318
validation,0.8423286775873763
validation,0.1915375371743552
validation,0.3213372021795054
validation,0.9114398337880965
validation,0.5040943031915145
validation,0.2986359421269624
validation,0.2183888263695893
validation,0.590833600254623
validation,0.3407402738970694
validation,0.2140815246197634
validation,0.2033769085986765
validation,0.5016817176331757
validation,0.9146781302363604
validation,0.3409342864823388
validation,0.3123274417800762
validation,0.2743374360413451
validation,0.3442393222989385
validation,0.5312316662339361
validation,0.135770861837247
validation,0.5726108515094513
validation,0.3221381270753971
validation,0.4256296580997923
validation,0.4306924717401923
validation,0.2836152937501338
validation,0.3557765687125529
validation,0.4051829643311853
validation,0.3407402738970694
validation,0.1903126661453136
validation,0.5813932142010629
validation,0.7576297863717832
validation,0.5040943031915145
validation,0.4306924717401923
validation,0.2432907621260672
validation,0.3572443203103572
validation,0.5022473345821895
validation,0.2251188016999183
validation,0.487708827214138
validation,0.0069357942159648
validation,0.4737628211645296
validation,0.4242210576129313
validation,0.2785433929890707
validation,0.3075039652123708
validation,0.5652952309832981
validation,0.7576297863717832
validation,0.6685718468215346
validation,0.8458762919645336
validation,0.322351812442209
validation,0.2565943911745539
validation,0.2058778594724204
validation,0.2412427886854299
validation,0.5317011224003962
validation,0.367935495615975
validation,0.7145628789335565
validation,0.4345264403851392
validation,0.3723684019785691
validation,0.7559961903494029
validation,0.2735896136015278
validation,0.4069103190411261
validation,0.5900764957242103
validation,0.3784695709994297
validation,0.3631937569324225
validation,0.2975779287015154
validation,0.1967188451728828
validation,0.3157540303620935
validation,0.4737628211645296
validation,0.1862692038014704
validation,0.3562096427703447
validation,0.5548705907467384
validation,0.2738530354840072
validation,0.270362317036826
validation,0.1467807793894658
validation,0.7451301833291846
validation,0.4741958952223215
validation,0.9940287583940998
validation,0.2152501283797199
validation,0.7994173615968073
validation,0.2685369738240867
validation,0.8766737067399771
validation,0.5794859853249745
validation,0.7639754822599197
validation,0.707516998846734
validation,0.2495808964389896
validation,0.7778892474178342
validation,0.4427181815740634
validation,0.3512669417137725
validation,0.3292168681335724
validation,0.795971571385796
validation,0.2296602102841718
validation,0.7833913225032622
validation,0.2361722222794334
validation,0.72263484145909
validation,0.3496209518571744
validation,0.5932296238950966
validation,0.2470754674966488
validation,0.4591367002882631
validation,0.3207520183565454
validation,0.4133817331683871
validation,0.2368095960590546
validation,0.2966196458528178
validation,0.2804854918839326
validation,0.5021147916909676
validation,0.3562096427703447
validation,0.3763184358764004
validation,0.4737628211645296
validation,0.2752208109836869
validation,0.3794984313558244
validation,0.5689418237599503
validation,0.8524941233635144
validation,0.3562096427703447
validation,0.7961145634988304
validation,0.4104427193056443
validation,0.6809874467450344
validation,0.248327616750686
validation,0.8010687411506763
validation,0.5651871223435115
validation,0.5965571678112526
validation,0.2569576257860235
validation,0.7293013715738087
validation,0.7605008690121793
validation,0.687625431173487
validation,0.244096187998872
validation,0.7490598396348805
validation,0.7227646685735689
validation,0.4737628211645296
validation,0.4680869508452005
validation,0.5387690564430169
validation,0.1793345284859216
validation,0.2907854775359321
validation,0.2500994066297526
validation,0.6143994502247668
validation,0.4737628211645296
validation,0.3974036573482533
validation,0.3451314759418294
validation,0.2312958250837889
validation,0.5021147916909676
validation,1.022373386063389
validation,0.943221806290314
validation,0.3496209518571744
validation,0.4133817331683871
validation,0.4633109259448066
validation,0.555181008106735
validation,0.1566256737266009
validation,0.3605314831030834
validation,0.5293308461014613
validation,0.7406028846132925
validation,0.4496169686900326
validation,0.2412427886854299
validation,0.7736879128534687
validation,0.2398013480582084
validation,0.5016817176331757
validation,0.1618882469204789
validation,0.2174163369622247
validation,0.3468892500451618
validation,0.2664952645985664
validation,0.25200745100777
validation,0.4314282597879036
validation,0.5777078292671333
validation,0.5678893349027256
validation,0.5016817176331757
validation,0.3468892500451618
validation,0.7198648501375404
validation,0.4623493041434272
validation,0.4737628211645296
validation,0.3531634642673738
validation,0.6892746190556029
validation,0.6696669466002996
validation,0.4407602514360688
validation,0.5016817176331757
validation,0.2643287589982496
validation,0.8594799878615769
validation,0.3562096427703447
validation,0.3557765687125529
validation,0.3452915600409073
validation,0.5476378490953233
validation,0.9542096125744306
validation,0.9367311205088094
validation,0.3392445489107022
validation,0.3496306647277705
validation,0.353178978563316
validation,0.2797175820672752
validation,0.3468892500451618
validation,0.2822376725565665
validation,0.4356775752432072
validation,0.6032500828541433
validation,0.2656211763291177
validation,0.0491194504396315
validation,0.3140842749619706
validation,0.2147752483387442
validation,0.6018316177659094
validation,0.1538449228358679
validation,0.7145628789335565
validation,0.3631937569324225
validation,0.6954810920582601
validation,0.3572443203103572
validation,0.3531634642673738
validation,0.3212610463238028
validation,0.3381207392059372
validation,0.4041845735385899
validation,0.7360134540671986
validation,0.2483582259347783
validation,0.3302423671428778
validation,0.4737628211645296
validation,0.2412427886854299
validation,0.3992361494412519
validation,0.2277766256963067
validation,0.6920921417322531
validation,0.6954157302111323
validation,0.7778892474178342
validation,0.3549789486308847
validation,0.2449139980264832
validation,0.7881328263956411
validation,0.6421724408024705
validation,0.1648862691680814
validation,0.5040943031915145
validation,0.3557765687125529
validation,0.6467182557645201
validation,0.2137698745650162
validation,0.4526862103544406
validation,0.5051527887242887
validation,0.3572443203103572
validation,0.3888173044482158
validation,0.3152262820298584
validation,0.2058251913040877
validation,0.8310111189931607
validation,0.5040943031915145
validation,0.5476378490953233
validation,0.2563982582942202
validation,0.7320557906932796
validation,0.3407402738970694
validation,0.3916981498353116
validation,0.4298795938185862
validation,0.1944899919891477
validation,0.212781335575683
validation,0.476152899885383
validation,0.2903253023478895
validation,0.2505413512769959
validation,0.3213372021795054
validation,0.7841461983657839
validation,0.3094660908345511
validation,0.6108462926683875
validation,0.3664407241800574
validation,0.3468892500451618
validation,0.5312316662339361
validation,0.5472047750375314
validation,0.3407402738970694
validation,0.1790042515822361
validation,0.3572443203103572
validation,0.2382146240883754
validation,0.5636126852978488
validation,0.2573379782673798
validation,0.3764013471441565
validation,0.2341001239819436
validation,0.2445006576685914
validation,0.5634056659236782
validation,0.6892782623590139
validation,0.2412427886854299
validation,0.5362163901030623
validation,0.4737628211645296
validation,0.2480740911005148
validation,0.8477172155107318
validation,0.7707066597053912
validation,0.5472047750375314
validation,0.2132137143557712
validation,0.7854891340235473
validation,0.4055833288015689
validation,0.3820466401828133
validation,0.5385504256872315
validation,0.8572356372154516
validation,0.572157564169672
validation,0.3572443203103572
validation,0.5016817176331757
validation,0.272566423458817
validation,0.5476378490953233
validation,0.2338774172020659
validation,0.2454185679814518
validation,0.776853918706339
validation,0.5987014407096924
validation,0.2886290673386381
validation,0.3557765687125529
validation,0.2506671149608834
validation,0.5016817176331757
validation,0.2844888474368888
validation,0.2042229176989955
validation,0.5054331362177413
validation,0.738673013859435
validation,0.3735771556367211
validation,0.5172375092278856
validation,0.438625080452102
validation,0.5932296238950966
validation,0.3631937569324225
validation,0.5275419829727316
validation,0.3631937569324225
validation,0.3407402738970694
validation,0.5040943031915145
validation,0.6184443456997837
validation,0.1199439504020248
validation,0.2452642048557548
validation,0.3396856630466859
validation,0.2432859067361838
validation,0.4356864373051907
validation,0.7065158290414809
validation,0.2822621158712707
validation,0.3572443203103572
validation,0.5472047750375314
validation,0.6895973065413669
validation,0.2484909547484579
validation,0.3557765687125529
validation,0.6063082385253877
validation,0.4995340010311749
validation,0.3555674607476966
validation,0.5275419829727316
validation,0.3407402738970694
validation,0.7599373189090601
validation,0.2852890857393752
validation,0.7291418810138764
validation,0.5469812127284841
validation,0.3531634642673738
validation,0.4737628211645296
validation,0.3877038415363383
validation,0.5241413967843709
validation,0.7552721719036327
validation,0.1862483227161783
validation,0.3636240594405851
validation,0.5472047750375314
validation,0.2711427768632432
validation,0.2561351018193234
validation,0.7087210763011755
validation,0.353178978563316
validation,0.3221381270753971
validation,0.7885554264002853
validation,0.577633124661889
validation,0.194577842432121
validation,0.2381596118699036
validation,0.5472047750375314
validation,0.3562013828659816
validation,0.1886666885652759
validation,0.2412427886854299
validation,0.5088348258993407
validation,0.3476718324958605
validation,0.2075697755957817
validation,0.779044185574467
validation,0.3407402738970694
validation,0.8623704601550451
validation,0.3612568954436221
validation,0.9161328759580132
validation,0.3631937569324225
validation,0.7340006416306619
validation,0.3392769699020398
validation,0.868029949929786
validation,0.4818084385957077
validation,0.5592747424826652
validation,0.2629567220238557
validation,0.2697214170932379
validation,0.2055574692931447
validation,0.7662272085030587
validation,0.8237303361750614
validation,0.2022071066509037
validation,0.3110753951084977
validation,0.2483582259347783
validation,0.249205699627751
validation,0.562812006911115
validation,0.135633239541129
validation,0.7652635390471884
validation,0.7534535691452018
validation,0.7906532379205704
validation,0.3468892500451618
validation,0.5633943702521016
validation,0.7906839246186572
validation,0.5739856656443195
validation,0.3468892500451618
validation,0.5102313645391159
validation,0.4675125109707267
validation,0.5413609548058571
validation,0.3207520183565454
validation,0.4403284234496222
validation,0.2412427886854299
validation,0.3779028391919607
validation,0.7011255703776057
validation,0.3468892500451618
validation,0.2271357550073336
validation,0.3689304471220936
validation,0.8538613620359442
validation,0.4457246299813581
validation,0.4331577785732978
validation,0.5748993752378662
validation,0.7061060098496257
validation,0.2604818859784657
validation,0.3314626552415487
validation,0.5016817176331757
validation,0.3435751602840113
validation,0.3407402738970694
validation,0.3572443203103572
validation,0.4617453872385224
validation,0.1893691581752811
validation,0.5021147916909676
validation,0.7236092569406394
validation,0.8327782503118419
validation,0.3818368527980084
validation,0.5104063329054883
validation,0.3214034829107194
validation,0.3572443203103572
validation,0.2141909769481181
validation,0.4737628211645296
validation,0.7037196742970332
validation,0.6473934747202651
validation,0.3190213775414781
validation,0.6741855259655144
validation,0.7182525621947611
validation,0.353178978563316
validation,0.5040943031915145
validation,0.6691024435010798
validation,0.3510360434056546
validation,0.5839265415514601
validation,0.2055764099907949
validation,0.6412860221923388
validation,0.3557765687125529
validation,0.3213372021795054
validation,0.650628780706833
validation,0.6677448742207883
validation,0.5112495916508774
validation,0.7318972167415057
validation,0.3460913998819532
validation,0.3177604727110773
validation,0.4723596765265114
validation,0.4925573359867199
validation,0.2724813232256701
validation,0.2483582259347783
validation,0.4737628211645296
validation,0.3452915600409073
validation,0.6602733803603809
validation,0.3562096427703447
validation,0.7482795366721461
validation,0.2463611291604563
validation,0.7987285431452635
validation,0.2870257067650822
validation,0.7641224008996181
validation,0.8146162518847675
validation,0.6219068486378994
validation,0.4131357410682995
validation,0.4320712835558005
validation,0.2436180890884482
validation,0.1584229354402971
validation,0.2874108918254126
validation,0.2325972638594362
validation,0.3496209518571744
validation,0.3498197747683448
validation,0.7640848322324812
validation,0.3789732997503696
validation,0.2230325922503659
validation,0.1693196723089982
validation,0.5127579058131776
validation,0.2383721167232707
validation,0.1473047296041996
validation,0.3210057043214208
validation,0.5507674155358286
validation,0.5476378490953233
validation,0.47339465036989
validation,0.3213372021795054
validation,0.5045273772493064
validation,0.7422859810666277
validation,0.7039834678146932
validation,0.7809604787336634
validation,0.353178978563316
validation,0.5368381723920506
validation,0.4506820408308876
validation,0.4972110180141633
validation,0.6417206200493811
validation,0.2487240711153213
validation,0.1275111122778012
validation,0.5016817176331757
validation,0.2785675101922638
validation,0.5021147916909676
validation,0.5569102297694282
validation,0.2945533444093838
validation,0.5016817176331757
validation,0.3276391776187808
validation,0.3572443203103572
validation,0.3415359229690598
validation,0.515850092412255
validation,0.1987068700411093
validation,0.5040943031915145
validation,0.4525347020016971
validation,0.7069477867118557
validation,0.5061762572641021
validation,0.1957509159166557
validation,0.5692798512745036
validation,0.9340270439438084
validation,0.2267454632501266
validation,0.5230506306659646
validation,0.5339666174146125
validation,0.5754320648565084
validation,0.7244039066880998
validation,0.2103342005619392
validation,0.5197305402097079
validation,0.5040943031915145
validation,0.3188509662587297
validation,0.2041609104369018
validation,0.8150482095551422
validation,0.4328396689439067
validation,0.5040943031915145
validation,0.4737628211645296
validation,0.5756274415751276
validation,0.3199904846936359
validation,0.3407402738970694
validation,0.7149177589283311
validation,0.5040943031915145
validation,0.0989025810352028
validation,0.353178978563316
validation,0.6511922320018484
validation,0.5595653001260242
validation,0.8275107880135276
validation,0.2848674526802645
validation,0.2241511695430945
validation,0.3476718324958605
validation,0.6800269488754693
validation,0.4741958952223215
validation,0.5021147916909676
validation,0.6043212655161255
validation,0.4737628211645296
validation,0.2626778460691377
validation,0.7792999730826029
validation,0.3987482390690079
validation,0.283093109475478
validation,0.7479510657496533
validation,0.6540699448970168
validation,0.3471599146542027
validation,0.6820693357439418
validation,0.5059857210215142
validation,0.1624470780219389
validation,0.3492654215122944
validation,0.3505158251108859
validation,0.3582752687271572
validation,0.17888926303917
validation,0.2282624762075637
validation,0.3562096427703447
validation,0.4943927237635073
validation,0.2023718883676321
validation,0.8092616507910343
validation,0.9520812203117898
validation,0.3207520183565454
validation,0.5040943031915145
validation,0.2861729239318737
validation,0.3327227794640564
validation,0.2723425751263582
validation,0.2091360022023406
validation,0.5357521034993479
validation,0.889755556011378
validation,0.4182423207114056
validation,0.4737628211645296
validation,0.4306669143745336
validation,0.3017120362927926
validation,0.3572443203103572
validation,0.6465468640944495
validation,0.8098908991302713
validation,0.2975039874364491
validation,0.2412427886854299
validation,0.1657705330993507
validation,0.3631937569324225
validation,0.5472047750375314
validation,0.3492487947100419
validation,0.5040943031915145
validation,0.4301422265548
validation,0.5040943031915145
validation,0.3909172718752243
validation,0.5045273772493064
validation,0.3407402738970694
validation,0.2195746131467164
validation,0.6706217177881556
validation,0.5016817176331757
validation,0.3557765687125529
validation,0.3468892500451618
validation,0.3221381270753971
validation,0.8458762919645336
validation,0.6602733803603809
validation,0.3636240594405851
validation,0.4493850684079378
validation,0.4780533875204683
validation,0.7662272085030587
validation,0.3476718324958605
validation,0.1233716777624675
validation,0.7806636984007056
validation,0.5040943031915145
validation,0.3636240594405851
validation,0.2548322834582078
validation,0.1730039006014402
validation,0.5016817176331757
validation,0.3631937569324225
validation,0.4255961380913621
validation,0.5732615154913868
validation,0.3636240594405851
validation,0.2036513839494531
validation,0.2679501116741233
validation,0.6434249957066904
validation,0.804404737936478
validation,0.8578929038425704
validation,0.2819740487076017
validation,0.7799870589381193
validation,0.4882804599154825
validation,0.5040943031915145
validation,0.3654287577849998
validation,0.7864940984929057
validation,0.7529844184643844
validation,0.3850949593493992
validation,0.3468892500451618
validation,0.3320367348508937
validation,0.3407402738970694
validation,0.151208698764009
validation,0.2646231343877089
validation,0.1191315249315865
validation,0.2349198773052698
validation,0.5040943031915145
validation,0.6990135662321628
validation,0.7184429961252826
validation,0.6691489351805924
validation,0.4171610661831623
validation,0.7267478636750259
validation,0.2903338586852163
validation,0.4985393462554819
validation,0.2829535037464409
validation,0.3109930373687264
validation,0.3476718324958605
validation,0.126249393144311
validation,0.3444191346487598
validation,0.8999363502597271
validation,0.3221381270753971
validation,0.3213372021795054
validation,0.2007703866353724
validation,0.4869055511003043
validation,0.6249685936304324
validation,0.4090767612830852
validation,0.3877038415363383
validation,0.1452453313534739
validation,0.348493150348451
validation,0.3570898282475421
validation,0.3435441852932336
validation,0.0020421280531657
validation,0.7778892474178342
validation,0.3268450562560787
validation,0.5040943031915145
validation,0.5427233686223878
validation,0.4635964717118538
validation,0.5457818075184762
validation,0.4239173007665499
validation,0.3631937569324225
validation,0.3949916305916102
validation,0.0454767356543603
validation,0.3572443203103572
validation,0.3616858281493063
validation,0.8330903826074582
validation,0.4737628211645296
validation,0.4343511225234827
validation,0.653467146238335
validation,0.8444264891076614
validation,0.6058441867735708
validation,0.3496209518571744
validation,0.3942848497499826
validation,0.3636240594405851
validation,0.7212568416055909
validation,0.4412692837249799
validation,0.2529880715814389
validation,0.2594184509353208
validation,0.2400060301110909
validation,0.2096631107305584
validation,0.2919761040408892
validation,0.3416809776387981
validation,0.9081440896507146
validation,0.1390806179145836
validation,0.4737628211645296
validation,0.2718808451947457
validation,0.3531634642673738
validation,0.5016817176331757
validation,0.5476378490953233
validation,0.4640105429230085
validation,0.5301262459798012
validation,0.5040943031915145
validation,0.4085894350715438
validation,0.6663413074215152
validation,0.5134411906661246
validation,0.7187220183612212
validation,0.2274350558374119
validation,0.2057083427907436
validation,0.1371044202526688
validation,0.8803093513690612
validation,0.3021619541235932
validation,0.3796575959507539
validation,0.3213372021795054
validation,0.3865563568871451
validation,0.5148666270438379
validation,0.3557765687125529
validation,0.7539449163339494
validation,0.6830274352193887
validation,0.7048104404154395
validation,0.7533340964122965
validation,0.7193433283131674
validation,0.6979699944826308
validation,0.7272168958510301
validation,0.5451819870891723
validation,0.5342928402987545
validation,0.3246237942476768
validation,0.6672624025032864
validation,0.3572443203103572
validation,0.3562096427703447
validation,0.794198270339634
validation,0.4807205951168103
validation,0.1689700709921726
validation,0.5687078916499057
validation,0.2345435895959293
validation,0.3631937569324225
validation,0.2268771317595815
validation,0.5067991324577316
validation,0.2509659349222977
validation,0.7975759020193273
validation,0.7274696861692662
validation,0.7585263299119518
validation,0.3098537762945975
validation,0.8459422063239312
validation,0.3213372021795054
validation,0.3407402738970694
validation,0.3473033355190853
validation,0.5448772831074724
validation,0.3407402738970694
validation,0.3562096427703447
validation,0.3468892500451618
validation,0.7539449163339494
validation,0.1547109976601021
validation,0.1787454161856358
validation,0.2544771013196064
validation,0.9468674752766396
validation,0.5040943031915145
validation,0.3531634642673738
validation,0.3557765687125529
validation,0.2565948140292482
validation,0.5472047750375314
validation,0.4737628211645296
validation,0.130013499655454
validation,0.5339151858400212
validation,0.2842581040468583
validation,0.3587511017432621
validation,0.4970194962834547
validation,0.4452377627385547
validation,0.3531634642673738
validation,0.6339074796895579
validation,0.6321693899415317
validation,0.7844788001500467
validation,0.3031701347548505
validation,0.5016817176331757
validation,0.725825821521216
validation,0.5016817176331757
validation,0.3476718324958605
validation,0.4737628211645296
validation,0.4737628211645296
validation,0.7461084857018407
validation,0.3341069145621934
validation,0.3418750028932146
validation,0.359261213065168
validation,0.4754335684698532
validation,0.3468892500451618
validation,0.7519438149828426
validation,0.3509485245776153
validation,0.3198089636746703
validation,0.3562096427703447
validation,0.6419216579056692
validation,0.8165445330110821
validation,0.2051782038199873
validation,0.5005600802576001
validation,0.9204227917355592
validation,0.7982060189291692
validation,0.4257112102106441
validation,0.0615022366515733
validation,0.6339074796895579
validation,0.4083877735448135
validation,0.4737628211645296
validation,0.8163420700945175
validation,0.7035092998242993
validation,0.5275419829727316
validation,0.2441511114026607
validation,0.3213372021795054
validation,0.234936146857238
validation,0.5016817176331757
validation,0.2368344545543213
validation,0.5472047750375314
validation,0.5367089661097515
validation,0.3496209518571744
validation,0.7145628789335565
validation,0.172085183598709
validation,0.2828191576361546
validation,0.4560585459266125
validation,0.4737628211645296
validation,0.3557765687125529
validation,0.2790370809982203
validation,0.7187220183612212
validation,0.34468983864321
validation,0.2328210573779839
validation,0.3028437037867741
validation,0.474222156207495
validation,0.8394074505654915
validation,0.259746218278466
validation,0.2280277317229037
validation,0.3213372021795054
validation,0.4741958952223215
validation,0.6889979148655613
validation,0.2239900352891679
validation,0.7778892474178342
validation,0.3457710931714534
validation,0.3460713012469322
validation,0.2493291030057569
validation,0.3496209518571744
validation,0.2493291030057569
validation,0.280258742958024
validation,0.2493291030057569
validation,0.3407402738970694
validation,0.2545896029586253
validation,0.2996138444043136
validation,0.1602283990292365
validation,0.3305728676401629
validation,0.47260475289321
validation,0.2412427886854299
validation,0.5745699006514948
validation,0.3468892500451618
validation,0.353178978563316
validation,0.3557765687125529
validation,0.5472047750375314
validation,0.2771483170461346
validation,0.4515590080025729
validation,0.3672015254409016
validation,0.7778892474178342
validation,0.5004239913557887
validation,0.6957617355961746
validation,0.3572443203103572
validation,0.3207520183565454
validation,0.5342853854074658
validation,0.6511922320018484
validation,0.2379656170682337
validation,0.2117074456806835
validation,0.6204266670125007
validation,0.208846847324281
validation,0.2323431340374294
validation,0.1934536896770135
validation,0.3207520183565454
validation,0.461728477370976
validation,0.4671381255029754
validation,0.7431623514634018
validation,0.2307352798598477
validation,0.5291861680350016
validation,0.5040943031915145
validation,0.3213372021795054
validation,0.549203721116754
validation,0.7723025367766119
validation,0.3155478037954317
validation,0.2021761011759869
validation,0.6613773316820957
validation,0.5472047750375314
validation,0.4043507120514886
validation,0.2062724297099245
validation,0.2906332904682693
validation,0.2795174044081755
validation,0.2106492005403114
validation,0.8298330017470434
validation,0.4342923705599592
validation,0.5476378490953233
validation,0.3531634642673738
validation,0.4761593546822025
validation,0.2559640427274733
validation,0.5964632037290889
validation,0.8275107880135276
validation,0.2485691924283627
validation,0.2271831434909411
validation,0.3207520183565454
validation,0.3704150613143567
validation,0.6215803564116501
validation,0.3407402738970694
validation,0.2601587297510448
validation,0.2493291030057569
validation,0.633260156059938
validation,0.5654327483021455
validation,0.2593234193828752
validation,0.7820483868454988
validation,0.5412733810140962
validation,0.4972110180141633
validation,0.2922678145046716
validation,0.3523170670480759
validation,0.4711087554145852
validation,0.7419356346730113
validation,0.1680803563538274
validation,0.3909386241317968
validation,0.7697818102920513
validation,0.2621782169700236
validation,0.4031338245356986
validation,0.5472047750375314
validation,0.2593131587598901
validation,0.3296954463075602
validation,0.3207520183565454
validation,0.2091884286863258
validation,0.3169629693955835
validation,0.3557765687125529
validation,0.3574693561501517
validation,0.5040943031915145
validation,0.5333946702977684
validation,0.8770271935889155
validation,0.3636240594405851
validation,0.5472047750375314
validation,0.3788544141505504
validation,0.7069477867118557
validation,0.3475833534985461
validation,0.6628674842798083
validation,0.7110933861892964
validation,0.3772612163036656
validation,0.8161366338087611
validation,0.7745622596716621
validation,0.758827481489228
validation,0.3557765687125529
validation,0.2498328023707577
validation,0.4763024726820279
validation,0.2375161817903455
validation,0.827532414086618
validation,0.2770617386932617
validation,0.6177635436254498
validation,0.3909761465118802
validation,0.3986377940288809
validation,0.3504611970820164
validation,0.4042585520667858
validation,0.5232659369880177
validation,0.2919653565882831
validation,0.6506447254707913
validation,0.8837988702203764
validation,0.2093227045610083
validation,0.2626678578088683
validation,0.7632022111398088
validation,0.1532684304376436
validation,0.2218214292891754
validation,0.253725921471609
validation,0.8214795877233685
validation,0.2038849791065231
validation,0.3213372021795054
validation,0.2897906527575139
validation,0.7816077175096506
validation,0.391349942345019
validation,0.4525704767026133
validation,0.5815460400318667
validation,0.6168894521994408
validation,0.5016817176331757
validation,0.2558345861222945
validation,0.3496209518571744
validation,0.3201270312034205
validation,0.5082528743403195
validation,0.4617382399402816
validation,0.6560235679230999
validation,0.0919642846463417
validation,0.1814034136788367
validation,0.7339935677877086
validation,0.2865702062425106
validation,0.5016817176331757
validation,0.231891113382063
validation,0.5016817176331757
validation,0.2018455864853388
validation,0.3221381270753971
validation,0.2307859478553068
validation,0.34504685648637
validation,0.1296516227686129
validation,0.3531634642673738
validation,0.5040943031915145
validation,0.3898985589764591
validation,0.7234685978629063
validation,0.7550676533967142
validation,0.2654305929891386
validation,0.6585062490416996
validation,0.3268531765597671
validation,0.4117608566599804
validation,0.7609515732765535
validation,0.3572443203103572
validation,0.6473833848615349
validation,0.6345758995777938
validation,0.3213372021795054
validation,0.1461147210806302
validation,0.3407402738970694
validation,0.2528572871662594
validation,0.5456632364076528
validation,0.7187220183612212
validation,0.3572443203103572
validation,0.5619497782347953
validation,0.5400162147579021
validation,0.6776014533215079
validation,0.3128854186423638
validation,0.5880108801712168
validation,0.3557765687125529
validation,0.4548213522184899
validation,0.5490532457217451
validation,0.3956324143644781
validation,0.3649573096436064
validation,0.1899138112950164
validation,0.3213372021795054
validation,0.3496209518571744
validation,0.2257241297804154
validation,0.3987237356117166
validation,0.7797262286883117
validation,0.2212851515700661
validation,0.7219837946384922
validation,0.3571240921333424
validation,0.284249941440074
validation,0.5476378490953233
validation,0.6928447751680236
validation,0.4355332255262867
validation,0.2791340132682589
validation,0.3598247635330044
validation,0.5059792908995914
validation,0.2590817614070158
validation,0.6918818385938028
validation,0.3557765687125529
validation,0.3667526155717589
validation,0.5616505559938314
validation,0.4026235013020776
validation,0.5928596512796283
validation,0.1568103679557686
validation,0.6205677111892676
validation,0.6962245689273804
validation,0.2542220529458242
validation,0.2542862499895848
validation,0.2303474142751291
validation,0.4377146819359874
validation,0.6374469822181899
validation,0.4343298215416195
validation,0.3631937569324225
validation,0.3468892500451618
validation,0.3572443203103572
validation,0.4702369255632763
validation,0.2483574671218755
validation,0.5045273772493064
validation,0.2025875516446677
validation,0.3755236199416373
validation,0.3557765687125529
validation,0.3557765687125529
validation,0.3572443203103572
validation,0.4647158636552751
validation,0.7757080810383972
validation,0.7009648651003677
validation,0.5725625686783736
validation,0.3763184358764004
validation,0.3695000759241341
validation,0.2856416573541582
validation,0.2542228010966359
validation,0.3057904161798575
validation,0.5297707662902815
validation,0.8150482095551422
validation,0.3631937569324225
validation,0.3068110825845955
validation,0.5668396292772369
validation,0.7107312046136302
validation,0.7134940944773898
validation,0.3562013828659816
validation,0.3719098673471859
validation,0.3407402738970694
validation,0.4737628211645296
validation,0.5745031880649301
validation,0.3213372021795054
validation,0.8359215810015256
validation,0.5795383465708153
validation,0.5016817176331757
validation,0.6124765066542309
validation,0.3557765687125529
validation,0.4821059634479043
validation,0.7940008025141966
validation,0.5986917503143776
validation,0.2482829427678155
validation,0.8931732673321285
validation,0.4712751873038572
validation,0.59300256602226
validation,0.3468892500451618
validation,0.72263484145909
validation,0.5822704358730004
validation,0.3517629330123829
validation,0.606918508025838
validation,0.2412427886854299
validation,0.8452470436252966
validation,0.4879963172187105
validation,0.5022351885275165
validation,0.5299455706316085
validation,0.493621685085511
validation,0.6156032816587286
validation,0.3126384727734069
validation,0.3511966265947295
validation,0.4710561673370808
validation,0.2315806159217351
validation,0.4550085701112518
validation,0.3873503501494701
validation,0.4050724465166355
validation,0.6095968288260215
validation,0.6774328449560418
validation,0.3207520183565454
validation,0.200117908407565
validation,0.3557765687125529
validation,0.1407235407754225
validation,0.2412427886854299
validation,0.5276723841022146
validation,0.5394872775933582
validation,0.456216640139884
validation,0.3468892500451618
validation,0.3468892500451618
validation,0.21482825268912
validation,0.389294312065144
validation,0.6204690728009362
validation,0.4741958952223215
validation,0.5954656336929214
validation,0.3833985593200976
validation,0.1869991809934651
validation,0.9899596361752124
validation,0.7490598396348805
validation,0.5472047750375314
validation,0.7061060098496257
validation,0.7756629574902012
validation,0.3213372021795054
validation,0.3221381270753971
validation,0.3221381270753971
validation,0.2412427886854299
validation,0.5377700726706564
validation,0.6131973593943544
validation,0.4147370862665986
validation,0.2249078778746401
validation,0.2082615066869235
validation,0.2515077047052346
validation,0.5021147916909676
validation,0.7565390202533769
validation,0.7318972167415057
validation,0.2401746191242773
validation,0.2567618133735749
validation,0.3496209518571744
validation,0.7551012277309778
validation,0.5016817176331757
validation,0.7499370322651482
validation,0.7354554497933009
validation,0.3128396717916341
validation,0.4861091268135068
validation,0.47504044057127
validation,0.705917955113994
validation,0.7810126777518486
validation,0.7524735494772867
validation,0.2493291030057569
validation,0.5797590932551047
validation,0.3465987701604324
validation,0.6360295887151989
validation,0.4687264360793582
validation,0.3033380245168411
validation,0.27190153525216
validation,0.1783961596067658
validation,0.4829289763819165
validation,0.610308026018728
validation,0.3344820663440114
validation,0.2292638062357801
validation,0.5021147916909676
validation,0.2560668147032217
validation,0.3165425020106272
validation,0.0842698997627613
validation,0.5363176791490958
validation,0.4863216156930185
validation,0.4387995740410725
validation,0.2321835454397819
validation,0.4343009842456429
validation,0.516435229601786
validation,0.6074582931370321
validation,0.3407402738970694
validation,0.5317011224003962
validation,0.4482093170205334
validation,0.3540061142284176
validation,0.4737628211645296
validation,0.3122905263079658
validation,0.2412427886854299
validation,0.3562096427703447
validation,0.3407402738970694
validation,0.428330500087842
validation,0.3407402738970694
validation,0.2412427886854299
validation,0.6821642569756214
validation,0.3971938699634484
validation,0.3092184555652479
validation,0.4737628211645296
validation,0.738467941934874
validation,0.5040943031915145
validation,0.5040943031915145
validation,0.2996174996881008
validation,0.3468892500451618
validation,0.3559560784421819
validation,0.3636240594405851
validation,0.6139159199784746
validation,0.3468892500451618
validation,0.2493291030057569
validation,0.4193330868298118
validation,0.4118335115244531
validation,0.6637177876552185
validation,0.519917163624764
validation,0.3257147491190769
validation,0.2070866782440482
validation,0.3476718324958605
validation,0.5182615716996728
validation,0.3296731314730082
validation,0.6156513189188945
validation,0.7876385909581262
validation,0.4141947277518554
validation,0.6983974922984637
validation,0.5040943031915145
validation,0.7069477867118557
validation,0.2592085058417733
validation,0.4678438301064553
validation,0.7410706764116187
validation,0.2534964250890495
validation,0.3807241139127028
validation,0.3326095338832106
validation,0.353178978563316
validation,0.3003279066202583
validation,0.3557765687125529
validation,0.3754531378685347
validation,0.4240928002903409
validation,0.3643577289928456
validation,0.4623476761468448
validation,0.7542538659992765
validation,0.2935559844185948
validation,0.8458762919645336
validation,0.3981050353901215
validation,0.2412427886854299
validation,0.7296650635271507
validation,0.312975663319458
validation,0.353178978563316
validation,0.3465791042759475
validation,0.3407402738970694
validation,0.7755693050735409
validation,0.5472047750375314
validation,0.3468892500451618
validation,0.2858573210812817
validation,0.4990936270110669
validation,0.312785794320601
validation,0.3572443203103572
validation,0.5608094959716199
validation,0.6774517674740403
validation,0.5021147916909676
validation,0.3557765687125529
validation,0.2412427886854299
validation,0.2679132497409377
validation,0.194790745047049
validation,0.6695309516697493
validation,0.3490411626646147
validation,0.3715034909682927
validation,0.7432464889636748
validation,0.2790908051120855
validation,0.3407402738970694
validation,0.5718739551939311
validation,0.2050772317047679
validation,0.3557765687125529
validation,0.2450686288927114
validation,0.4845185490062431
validation,0.5472047750375314
validation,0.353178978563316
validation,0.6686648607261406
validation,0.1679383520962374
validation,0.5230506306659646
validation,0.3468892500451618
validation,0.3907774520258659
validation,0.742951612970425
validation,0.2306280980256635
validation,0.7262798265710514
validation,0.7815817886856096
validation,0.582636806150273
validation,0.2467830018484217
validation,0.4058195529227199
validation,0.7734714935532558
validation,0.5688707930705235
validation,0.3477277256010683
validation,0.1900561240075329
validation,1.018444675845341
validation,0.5472047750375314
validation,0.2483582259347783
validation,0.5016817176331757
validation,0.0746826140317652
validation,0.5804509054981475
validation,0.3664277815265979
validation,0.7697818102920513
validation,0.2493291030057569
validation,0.4053649777905919
validation,0.08720851582412
validation,0.2685481822635492
validation,0.8275786098683195
validation,0.5016817176331757
validation,0.4209159197470891
validation,0.1262661446959698
validation,0.3213372021795054
validation,0.4082820176101607
validation,0.4880095024220189
validation,0.6963292024108678
validation,0.1806670855598876
validation,0.3169383823542663
validation,0.7772027259969869
validation,0.5472047750375314
validation,0.5472047750375314
validation,0.3766411185640915
validation,0.2747558551570604
validation,0.5551244227271834
validation,0.86027264863476
validation,0.3525287098999303
validation,0.3560285167044679
validation,0.6470477970924557
validation,0.5040943031915145
validation,0.1615756057199474
validation,0.1388833919232962
validation,0.3228892436782837
validation,0.4737628211645296
validation,0.4010515580642831
validation,0.5021147916909676
validation,0.2540023817714769
validation,0.3631937569324225
validation,0.7669936607811797
validation,0.3015226956612492
validation,0.4659534541961833
validation,0.2633215018494975
validation,0.3029814915865957
validation,0.6743819570763411
validation,0.2228883409884538
validation,0.3370911504532906
validation,0.2980329368111148
validation,0.7357145959539632
validation,0.7481690860068323
validation,0.8423759609849005
validation,0.841292968493726
validation,0.4790304373225985
validation,0.3631937569324225
validation,0.7906997199396444
validation,0.1886378121430275
validation,0.3433920989462238
validation,0.7305747962805684
validation,0.4741958952223215
validation,0.4261341251749195
validation,0.2275714057894093
validation,0.5021147916909676
validation,0.5021147916909676
validation,0.5472047750375314
validation,0.5227503457067059
validation,0.5317011224003962
validation,0.2335219248970739
validation,0.7021874200255632
validation,0.4939104438881048
validation,0.3557765687125529
validation,0.4737628211645296
validation,0.3157197711491174
validation,0.3307917651547529
validation,0.7894248346636962
validation,0.4737628211645296
validation,0.3598074221705413
validation,0.7772027259969869
validation,0.3207520183565454
validation,0.2272351364107886
validation,0.3636240594405851
validation,0.3114626393896673
validation,0.725824130307346
validation,0.3213372021795054
validation,0.3636240594405851
validation,0.3056582649739072
validation,0.5258149392607843
validation,0.2044596679281645
validation,0.6537863359212759
validation,0.2587734707238775
validation,0.4332390554232133
validation,0.4088420970448634
validation,0.3468892500451618
validation,0.2209945572468664
validation,0.486916675837885
validation,0.3213372021795054
validation,0.3407402738970694
validation,0.5155202405366486
validation,0.4298192982978874
validation,0.3586907850511373
validation,0.2412427886854299
validation,0.6920054077793752
validation,0.3631937569324225
validation,0.3489809745011536
validation,0.3980872121563875
validation,0.3979665475273002
validation,0.7745622596716621
validation,0.4237798058083215
validation,0.8050431419291473
validation,0.3196779101228942
validation,0.2038596153153571
validation,0.6451874072204927
validation,0.3557765687125529
validation,0.4737628211645296
validation,0.9229771292780424
validation,0.5112477809404203
validation,0.5361326193344031
validation,0.368282779969145
validation,0.7015245962716233
validation,0.4636369884374778
validation,0.3213372021795054
validation,0.1966733611913141
validation,0.2735164573693886
validation,0.8270127647435619
validation,0.6677551347717209
validation,0.3407402738970694
validation,0.6952384362924615
validation,0.2828097966085919
validation,0.5045273772493064
validation,0.5644851363705079
validation,0.6445157618250967
validation,0.1503244307433092
validation,0.2360097893923422
validation,0.3259413786709134
validation,0.5727286346508754
validation,0.1836275988266109
validation,0.3557765687125529
validation,0.6865346650550807
validation,0.7422591006887885
validation,0.3557765687125529
validation,0.1657351995530757
validation,0.2162869492474519
validation,0.3468892500451618
validation,0.1684401688755304
validation,0.4519819229668483
validation,0.4100689520650809
validation,0.1779781573538777
validation,0.2485971028091117
validation,0.523987381183739
validation,0.353178978563316
validation,0.8275107880135276
validation,0.3364842588172868
validation,0.3221381270753971
validation,0.25103783245189
validation,0.2202215596753971
validation,0.5476378490953233
validation,0.3557765687125529
validation,0.8330903826074582
validation,0.7162411813377639
validation,0.5472047750375314
validation,0.4243769429871129
validation,0.5472047750375314
validation,0.8331224050818367
validation,0.4737628211645296
validation,0.1676710367436892
validation,0.2412427886854299
validation,0.341564026859601
validation,0.6655008557825618
validation,0.3986682809725967
validation,0.3537643783509534
validation,0.2812050639630946
validation,0.600076349524871
validation,0.1901947004991439
validation,0.3449605001025156
validation,0.3915780129469132
validation,0.5333453074626663
validation,0.5016817176331757
validation,0.3557765687125529
validation,0.360386708933633
validation,0.7900491195548375
validation,0.3660605801701441
validation,0.3005135805714682
validation,0.3557765687125529
validation,0.3213372021795054
validation,0.5754320648565084
validation,0.3572443203103572
validation,0.3535751638922504
validation,0.3557765687125529
validation,0.6989930432779533
validation,0.2412427886854299
validation,0.1962408625102549
validation,0.7396918771472002
validation,0.5040943031915145
validation,0.4737628211645296
validation,0.3197939374624692
validation,0.3221381270753971
validation,0.7182525621947611
validation,0.2972232527443822
validation,0.1138099927948095
validation,0.5151600923733222
validation,0.164074701906252
validation,0.5040943031915145
validation,0.3511529951478032
validation,0.7262354899493982
validation,0.318662031517499
validation,0.5016817176331757
validation,0.2201587784403577
validation,0.353178978563316
validation,0.6961034549727537
validation,0.3636240594405851
validation,0.4504957075250674
validation,0.159660052536987
validation,0.3531634642673738
validation,0.226637781792085
validation,0.7182525621947611
validation,0.4778148612980147
validation,0.3572443203103572
validation,0.3671845732421338
validation,0.5241413967843709
validation,0.3693330597291145
validation,0.1984318605614135
validation,0.5040943031915145
validation,0.4064278009002538
validation,0.3448784002929617
validation,0.8063498159844292
validation,0.7841461983657839
validation,0.4833351831721467
validation,0.7663346049209311
validation,0.7042169734557244
validation,0.3531634642673738
validation,0.3139595786211461
validation,0.5736609019706932
validation,0.7610179809655223
validation,0.7182525621947611
validation,0.3557765687125529
validation,0.2619109403960993
validation,0.4130922204836914
validation,0.2633501927575389
validation,0.2951743515949945
validation,0.5016817176331757
validation,0.1776691531049779
validation,0.7558529705600581
validation,0.4741958952223215
validation,0.1578467485880464
validation,0.3531634642673738
validation,0.3626971837261687
validation,0.4737628211645296
validation,0.2777957891264509
validation,0.2903033512169243
validation,0.5016817176331757
validation,0.1518669478554205
validation,0.525101904681418
validation,0.2536624738309107
validation,0.353178978563316
validation,0.8149529073393356
validation,0.2062753584670743
validation,0.7698316729194955
validation,0.3621389856509532
validation,0.3572443203103572
validation,0.5511713140132304
validation,0.3976329694933104
validation,0.3557765687125529
validation,0.3468892500451618
validation,0.3375267791350694
validation,0.3631937569324225
validation,0.607831138746832
validation,0.5040943031915145
validation,0.5084450766993193
validation,0.5472047750375314
validation,0.3207520183565454
validation,0.50099598355264
validation,0.5705292151459761
validation,0.5040943031915145
validation,0.28875619000046
validation,0.3368321075114906
validation,0.3407402738970694
validation,0.134369012127114
validation,0.7254702654319582
validation,0.3465571400780772
validation,0.6742002352453694
validation,0.2793170850709869
validation,0.1924072217448234
validation,0.359291409318045
validation,0.4933002187507424
validation,0.7422591006887885
validation,0.3496209518571744
validation,0.7662272085030587
validation,0.5488923926931621
validation,0.2757133951862326
validation,0.6499598635885505
validation,0.4043892837914676
validation,0.1842306952878713
validation,0.5291861680350016
validation,0.2493291030057569
validation,0.2291705762359529
validation,0.5980264435318684
validation,0.3287016283164136
validation,0.2086846888541412
validation,0.828793968232007
validation,0.5599448137169311
validation,0.3738916367942766
validation,0.3229502053647451
validation,0.1173467396541997
validation,0.502906435029097
validation,0.5329973286201972
validation,0.2512851303943388
validation,0.6738717643228767
validation,0.2486613058186236
validation,0.1789940042913196
validation,0.5045273772493064
validation,0.6204690728009362
validation,0.7193433283131674
validation,0.2558668596676173
validation,0.4076432999416858
validation,0.5016817176331757
validation,0.3424208534772177
validation,0.272523086655986
validation,0.8079142245695433
validation,0.3496209518571744
validation,0.5461804681683193
validation,0.3655893642988984
validation,1.0020465096288402
validation,0.466792785777264
validation,0.2207548785006305
validation,0.5051244234742421
validation,0.6740197449496407
validation,0.3557765687125529
validation,0.6653199673187545
validation,0.3468892500451618
validation,0.6096674934131364
validation,0.2305858431538711
validation,0.2537772611018153
validation,0.321689294756298
validation,0.9951984817583176
validation,0.7791190191561833
validation,0.7766600711919472
validation,0.2027848401475662
validation,0.5655394488432547
validation,0.3557765687125529
validation,0.3572443203103572
validation,0.334744256204004
validation,0.5045273772493064
validation,0.350062229029397
validation,0.5016817176331757
validation,0.6923878339175401
validation,0.2646567065771673
validation,0.7015245962716233
validation,0.6575949042630055
validation,0.6654931940078405
validation,0.3446936489811958
validation,0.4741958952223215
validation,0.2691477654045852
validation,0.1524579588983214
validation,0.256131854438607
validation,0.5016817176331757
validation,0.6417971281926558
validation,0.49639789791726
validation,0.126336334023648
validation,0.5472047750375314
validation,0.3832126449495733
validation,0.7244465641679184
validation,0.203373247107205
validation,0.4737628211645296
validation,0.6401529922978136
validation,0.7849194694858949
validation,0.4538886632817398
validation,0.4862628180795179
validation,0.5362163901030623
validation,0.3468892500451618
validation,0.6447993708008376
validation,0.2574796017415656
validation,0.8146162518847675
validation,0.2768626567116802
validation,0.8568436627956952
validation,0.5154255752830933
validation,0.5375894861764268
validation,0.2060246423474402
validation,0.5472047750375314
validation,0.4788518940412968
validation,0.1897121285831936
validation,0.2536335124622377
validation,0.3372573920414154
validation,0.5472047750375314
validation,0.7623272166711959
validation,0.1794314128668059
validation,0.4208724760492781
validation,0.1426288090459374
validation,0.2447357765556657
validation,0.2804380599235363
validation,0.3468892500451618
validation,0.4411309834691845
validation,0.4603015643791739
validation,0.8516250720320696
validation,0.4123602483357861
validation,0.209213304041391
validation,0.2493291030057569
validation,0.5040943031915145
validation,0.5472047750375314
validation,0.5501621323852025
validation,0.7813217303653478
validation,0.5476378490953233
validation,0.2714021961669035
validation,0.5045273772493064
validation,0.2804493046867812
validation,0.5040943031915145
validation,0.6707429048652491
validation,0.3495744048766944
validation,0.4695080559851758
validation,0.2521349943616025
validation,0.5472047750375314
validation,0.843161074614827
validation,0.5505499415422426
validation,0.3562096427703447
validation,0.2693241515132737
validation,0.6372762899982704
validation,0.1905300894694838
validation,0.3560062084075122
validation,0.5472047750375314
validation,0.603078858678808
validation,0.917835907731687
validation,0.468751091027687
validation,0.5709736515710196
validation,0.5114289298187682
validation,0.1344429366919928
validation,0.1795548779616458
validation,0.850905534169785
validation,0.5472047750375314
validation,0.3557765687125529
validation,0.1270186474876948
validation,0.3468892500451618
validation,0.3552872845484929
validation,0.3920381225790295
validation,0.3468892500451618
validation,0.2769289503000433
validation,0.2145394640016919
validation,0.6585062490416996
validation,0.4924311184903435
validation,0.2347771533692207
validation,0.7847675083177301
validation,0.3656025495022068
validation,0.2017681568055612
validation,0.3407402738970694
validation,0.7579067650927518
validation,0.2477502693299786
validation,0.5016817176331757
validation,0.2298027169797199
validation,0.2412427886854299
validation,0.6537863359212759
validation,0.7801627895823936
validation,0.3557765687125529
validation,0.5476378490953233
validation,0.5476390665084057
validation,0.5472047750375314
validation,0.3476718324958605
validation,0.1815745698632705
validation,0.567243125280617
validation,0.2690126280179103
validation,0.7863949838098709
validation,0.3555749950804046
validation,0.3213372021795054
validation,0.3496209518571744
validation,0.3537929888008573
validation,0.429766866503826
validation,0.3752233875677106
validation,0.406098697672934
validation,0.6363562160997835
validation,0.6223213928572895
validation,0.5021147916909676
validation,0.3761721873215232
validation,0.2518658351573121
validation,0.2474538799695167
validation,0.2543557116733664
validation,0.12403907559764
validation,0.2412427886854299
validation,0.2981358123150128
validation,0.1910799517513178
validation,0.2976840363346469
validation,0.3809137219637337
validation,0.7950100816803166
validation,0.4942114350123333
validation,0.1968971366121365
validation,0.4190291882161623
validation,0.2512486403196491
validation,0.4737628211645296
validation,0.3914906186798322
validation,0.1417846830828187
validation,0.4406282257082621
validation,0.7721370566602255
validation,0.2201322391420525
validation,0.8469313580399492
validation,0.4724717188455131
validation,0.725181548664348
validation,0.3476718324958605
validation,0.322303219077874
validation,0.8128550958190505
validation,0.4737628211645296
validation,0.7843962869726206
validation,0.3698161103592867
validation,0.4879737561013297
validation,0.2573977684635881
validation,0.7085501617899627
validation,0.5040943031915145
validation,0.500068915451251
validation,0.4185432365517258
validation,0.2160019976348306
validation,0.3699287144189419
validation,0.4551288059211246
validation,0.5241413967843709
validation,0.3175639348328953
validation,0.3500685491922722
validation,0.6143994502247668
validation,0.5498860170549454
validation,0.2782520337176796
validation,0.4791170356162054
validation,0.2678448930443439
validation,0.3631937569324225
validation,0.3655893642988984
validation,0.7145628789335565
validation,0.258632239692326
validation,0.5040943031915145
validation,0.7524735494772867
validation,0.3572443203103572
validation,0.3476718324958605
validation,0.3492928658928551
validation,0.744375168558937
validation,0.2411212582408603
validation,0.3213372021795054
validation,0.3407402738970694
validation,0.7550356824523557
validation,0.5424678227129479
validation,0.6168894521994408
validation,0.2210455043460351
validation,0.3800095821443079
validation,0.3407402738970694
validation,0.8615080263433806
validation,0.229492036206366
validation,0.1945067669471866
validation,0.687907148747155
validation,0.4602127674076044
validation,0.1415318137380261
validation,0.3557765687125529
validation,0.3221381270753971
validation,0.4741958952223215
validation,0.7327391894720925
validation,0.2723744503015008
validation,0.4241059854936493
validation,0.5765860115834757
validation,0.6059802756753822
validation,0.3621662801431521
validation,0.2751955512047954
validation,0.595284687409788
validation,0.353178978563316
validation,0.6128635412326773
validation,0.99312240420743
validation,0.1552786453637517
validation,0.3557765687125529
validation,0.5275419829727316
validation,0.3518131162193006
validation,0.3562096427703447
validation,0.528165250610822
validation,0.391163739347393
validation,0.5016817176331757
validation,0.4180685208449509
validation,0.3041594279786466
validation,0.3892977564420615
validation,0.2613727291549932
validation,0.5427531281246882
validation,0.4720185153982976
validation,0.4133817331683871
validation,0.2493291030057569
validation,0.5476378490953233
validation,0.5034727904328259
validation,0.66715640084649
validation,0.3562096427703447
validation,0.2434640742648625
validation,0.2551380437805195
validation,0.4201069511371983
validation,0.190148361048361
validation,0.5184142527647847
validation,0.8275107880135276
validation,1.0920390034372838
validation,0.2158381187622442
validation,0.613295498903052
validation,0.2292542946456174
validation,0.552111413506022
validation,0.6685761804818933
validation,0.3644985981804922
validation,0.3496209518571744
validation,0.5016817176331757
validation,0.5200316183438123
validation,0.3557765687125529
validation,0.2563290642726534
validation,0.5821855390827493
validation,0.2805830720615666
validation,0.5312316662339361
validation,0.8039360016375038
validation,0.5040943031915145
validation,0.2309081353050658
validation,0.1781687207019118
validation,0.3557765687125529
validation,0.4730794517758264
validation,0.8207246351621552
validation,0.3636240594405851
validation,0.6545384348393231
validation,0.3808552657932189
validation,0.2483582259347783
validation,0.3213372021795054
validation,0.5275419829727316
validation,0.5476378490953233
validation,0.8316324289451069
validation,0.5016817176331757
validation,0.7469235694863589
validation,0.2008454372518227
validation,0.2638335039805842
validation,0.3888181011483225
validation,0.7015051328201298
validation,0.5206990716912524
validation,0.742951612970425
validation,0.7625314228284876
validation,0.150376829634005
validation,0.2817575346120982
validation,0.6656758235903795
validation,0.1796463755734881
validation,0.3207520183565454
validation,0.1590597498685181
validation,0.8150482095551422
validation,0.561313566766415
validation,0.5040943031915145
validation,0.3407402738970694
validation,0.8346820326443639
validation,0.3213372021795054
validation,0.2796041197340099
validation,0.3468892500451618
validation,0.1779556783245179
validation,0.6032500828541433
validation,0.5021147916909676
validation,0.5241413967843709
validation,0.7927817361389423
validation,0.2698055976236974
validation,0.7857167180648694
validation,0.3700649688142061
validation,0.7258616514167935
validation,0.3557765687125529
validation,0.4389668949957104
validation,0.4938006587935118
validation,0.2936856964284467
validation,0.2884956712575124
validation,0.5067450984726365
validation,0.2761748664024065
validation,0.2308839715079633
validation,0.2520979334397381
validation,0.7858680155702558
validation,0.7499208942931088
validation,0.34814142649746
validation,0.3221381270753971
validation,0.7039966530180017
validation,0.7010834687038484
validation,0.5421531389630735
validation,0.695905059985083
validation,0.3557765687125529
validation,0.5373439731690277
validation,0.1319099409441129
validation,0.3574435348259469
validation,0.2724291381790528
validation,0.3747770717160407
validation,0.2118928636303721
validation,0.3993087224966643
validation,0.3269930923279028
validation,0.2595051539403106
validation,0.3302219772593525
validation,0.2060503300103274
validation,0.4094822125775075
validation,0.5652224145306768
validation,0.3631937569324225
validation,0.8692429151982879
validation,0.2192295268537085
validation,0.4741958952223215
validation,0.8458762919645336
validation,0.8613962810207733
validation,0.7995332470177419
validation,0.9280778598949606
validation,0.4737628211645296
validation,0.7291418810138764
validation,0.4737628211645296
validation,0.4737628211645296
validation,0.2796071904818588
validation,0.8644216616936556
validation,0.4042346080919415
validation,0.8835554932465333
validation,0.6054914442371467
validation,0.3130030204337272
validation,0.8458762919645336
validation,0.2246743137212982
validation,0.7870288750739263
validation,0.4241782024252503
validation,0.7609389154702906
validation,0.520818384636029
validation,0.7631418773858036
validation,0.4148399981045187
validation,0.4737628211645296
validation,0.6114927731175702
validation,0.4244138926349621
validation,0.298493060497315
validation,0.0890917640878612
validation,0.5045273772493064
validation,0.395846022716548
validation,0.8442158828970817
validation,0.3878656245314439
validation,0.433205023548768
validation,0.5993380967227852
validation,0.4673628911256663
validation,0.8316324289451069
validation,0.3557765687125529
validation,0.3407402738970694
validation,0.1945646060509734
validation,0.7182525621947611
validation,0.5016817176331757
validation,0.6653425492133821
validation,0.4828380868325051
validation,0.5311301958826228
validation,0.3557765687125529
validation,0.4741958952223215
validation,0.2903129354143776
validation,0.3153966933126068
validation,0.4170495152417913
validation,0.1354570934106124
validation,0.2627719601456385
validation,0.3207520183565454
validation,0.5472047750375314
validation,0.5472047750375314
validation,0.3572443203103572
validation,0.3562096427703447
validation,0.6856441755570242
validation,0.2588191301909871
validation,0.6059649782734378
validation,0.3447558462560978
validation,0.305754144698271
validation,0.3704150613143567
validation,0.7718796218123364
validation,0.3636240594405851
validation,0.3435717226154159
validation,0.7048382834076706
validation,0.3600665772027022
validation,0.8131314254388105
validation,0.3920381225790295
validation,0.3572443203103572
validation,0.1694026279978207
validation,0.2689105905887148
validation,0.2603706573023408
validation,0.9261352190504458
validation,1.0032433685701705
validation,0.644635211534117
validation,0.3468892500451618
validation,0.5016817176331757
validation,0.3030863729349536
validation,0.7875987880881963
validation,0.3557765687125529
validation,0.9542785984701376
validation,0.2399313806513631
validation,0.3192081983208509
validation,0.3213372021795054
validation,0.5275419829727316
validation,0.1559823810423332
validation,0.899783826646425
validation,0.5735081536883077
validation,0.1575618025226343
validation,0.1955921066630707
validation,0.2133281972553972
validation,0.3460097184762617
validation,0.2877410716735197
validation,0.2240934854562717
validation,0.2281579224174139
validation,0.3207520183565454
validation,0.430242298113958
validation,0.1511933988639389
validation,0.83612412913996
validation,0.3742986866346935
validation,0.198969800121072
validation,0.3498981379095238
validation,0.3020932009808411
validation,0.2135673323029131
validation,0.3557765687125529
validation,0.5021147916909676
validation,0.5016817176331757
validation,0.1783679440926635
validation,0.326186387223169
validation,0.6331390207431521
validation,0.3344429713928741
validation,0.3490222012838143
validation,0.3840307604553394
validation,0.3185255075824638
validation,0.3496209518571744
validation,0.353178978563316
validation,0.3213372021795054
validation,0.4327245968246247
validation,0.7764586330601239
validation,0.6072445759958519
validation,0.3140103926377821
validation,0.1984567474472087
validation,0.4737628211645296
validation,0.3841419467436924
validation,0.1832657015106364
validation,0.1676970652052949
validation,0.3577537561668257
validation,0.2483582259347783
validation,0.6995584730204354
validation,0.615638101114805
validation,0.5574382070992027
validation,0.4507152448990978
validation,0.8288404773857557
validation,0.7477371283364576
validation,0.1284407881345164
validation,0.2382807752922823
validation,0.9083714357273992
validation,0.3496209518571744
validation,0.2773605254525068
validation,0.0610814090628637
validation,0.300880688143365
validation,0.5276165635960874
validation,0.1811182096420176
validation,0.4737628211645296
validation,0.7524735494772867
validation,0.2452065439167246
validation,0.5472047750375314
validation,0.4352591115039481
validation,0.676852384452557
validation,0.4233231265165559
validation,0.2612904503194871
validation,0.2788093392108414
validation,0.3572443203103572
validation,0.5389268843075465
validation,0.4737628211645296
validation,0.3884406339027891
validation,0.2136306128271923
validation,0.2477646022751013
validation,0.8810706019145197
validation,0.5472047750375314
validation,0.4968298555876349
validation,0.4817826640182686
validation,0.3936225258945899
validation,0.719575672859902
validation,0.3407402738970694
validation,0.3200363872032245
validation,0.3213372021795054
validation,0.5045273772493064
validation,0.2493291030057569
validation,0.8214635644926744
validation,0.6708097155388175
validation,0.3557765687125529
validation,0.3213372021795054
validation,0.5599448137169311
validation,0.3750344451681384
validation,0.2781719878233922
validation,0.4737628211645296
validation,0.4638799652088228
validation,0.5045273772493064
validation,0.3207520183565454
validation,0.6288633768487123
validation,0.5476378490953233
validation,0.4045142943573737
validation,0.5021147916909676
validation,0.2531869275200186
validation,0.3420963442253416
validation,0.3531634642673738
validation,0.1594015153476
validation,0.6415561349839254
validation,0.3758583262442841
validation,0.582636806150273
validation,0.3582915685610398
validation,0.7042262218856623
validation,0.1953991380610292
validation,0.6630316368559721
validation,0.2836451080580496
validation,0.0805353637247778
validation,0.7039966530180017
validation,0.353178978563316
validation,0.1673033497915219
validation,0.2880126587916342
validation,0.5472047750375314
validation,0.4537894231603822
validation,0.3448784002929617
validation,0.7026153623900296
validation,0.8491314598877354
validation,0.3407402738970694
validation,0.5932296238950966
validation,0.3572443203103572
validation,0.6733803366828015
validation,0.8547843914959818
validation,0.2113039042572073
validation,0.3531634642673738
validation,0.4180685208449509
validation,0.7396918771472002
validation,0.9762657058159564
validation,0.1201148259073269
validation,0.1889870510788886
validation,0.4865927294573697
validation,0.5472047750375314
validation,0.6630316368559721
validation,0.6524000345393364
validation,0.830964382516086
validation,0.1709306879935656
validation,0.5016817176331757
validation,0.2849289128101802
validation,0.2815082259512437
validation,0.8487473746049297
validation,0.7799870589381193
validation,0.5040943031915145
validation,0.7296650635271507
validation,0.2555433648131222
validation,0.3221381270753971
validation,0.3557765687125529
validation,0.6685761804818933
validation,0.738467941934874
validation,0.351212313684903
validation,0.3631937569324225
validation,0.2428579200227429
validation,0.8978422547541567
validation,0.3991182460227267
validation,0.5616505559938314
validation,0.2687676582089996
validation,0.691116078633083
validation,0.3407402738970694
validation,0.3361217811964028
validation,0.2982849438546513
validation,0.2373281368338703
validation,0.5016817176331757
validation,0.2073862360392442
validation,0.6472677401994364
validation,0.3221994606986205
validation,0.4741958952223215
validation,0.3631937569324225
validation,0.2575750754203613
validation,0.7980693829060811
validation,0.7020562913856895
validation,0.3557765687125529
validation,0.2547799869782999
validation,0.461728477370976
validation,0.3465020989703027
validation,0.8227839955849232
validation,0.4626253529659431
validation,0.2623405190554057
validation,0.4428019756005619
validation,0.8109778688078357
validation,0.5016817176331757
validation,0.5040943031915145
validation,0.277054330362036
validation,0.2237739725988582
validation,0.9309169961911342
validation,0.1775102968248431
validation,0.3969746916041762
validation,0.3476718324958605
validation,0.3496209518571744
validation,0.2353251972558712
validation,0.6195460702992737
validation,0.3414106709633081
validation,0.7054864450304257
validation,0.3918027941366714
validation,0.8227520338024052
validation,0.516631812818941
validation,0.3213372021795054
validation,0.238292764549657
validation,0.5472047750375314
validation,0.4811057751244447
validation,0.4423600498433861
validation,0.3480352396711869
validation,0.7313360618147907
validation,0.5157381943061172
validation,0.2669439298924736
validation,0.5040943031915145
validation,0.8667668597218818
validation,0.7032781861439695
validation,0.7565390202533769
validation,0.4676872608902678
validation,0.3626608643954273
validation,0.6292604333350658
validation,0.6104252426662595
validation,0.2412427886854299
validation,0.5193327561758878
validation,0.7145628789335565
validation,0.4737628211645296
validation,0.3236155669325749
validation,0.2637491123371117
validation,0.2642610557430713
validation,0.2379522921477286
validation,0.1917480110866094
validation,0.2552208342945241
validation,0.3584111424246479
validation,0.8493686845568759
validation,0.6989745376131498
validation,0.3829181073262518
validation,0.3438573339281794
validation,0.6929451376637281
validation,0.3221381270753971
validation,0.3213372021795054
validation,0.8204660247275749
validation,0.72263484145909
validation,0.1484491631232012
validation,0.3562096427703447
validation,0.2752357298177508
validation,0.7971092268001848
validation,0.8115071264093001
validation,0.3986862883523518
validation,0.3476718324958605
validation,0.6558035783807821
validation,0.2895293391465547
validation,0.4056182456790883
validation,0.7609389154702906
validation,0.8187873086452216
validation,0.1555523239116601
validation,0.5745759743247744
validation,0.4246204440922379
validation,0.9022282696930672
validation,0.8159994970272888
validation,0.5472047750375314
validation,0.2504930750661799
validation,0.3995742506591238
validation,0.1871996728443008
validation,0.1939047585855355
validation,0.3573088363474374
validation,0.170233883432292
validation,0.2397653123275112
validation,0.3213372021795054
validation,0.989642050347975
validation,0.6255681524583818
validation,0.6804986448857216
validation,0.3407402738970694
validation,0.4375343143336958
validation,0.5472047750375314
validation,0.830823138973253
validation,1.014920076455629
validation,0.5371647388536154
validation,0.5195545350279601
validation,0.4737628211645296
validation,0.5174135319744422
validation,0.7026153623900296
validation,0.8103138140945468
validation,0.3686720633638068
validation,0.2507312332229273
validation,0.4709820648115513
validation,0.649140968013877
validation,0.7824713018097743
validation,0.5075839089336012
validation,0.2493510679982921
validation,0.353178978563316
validation,0.1704009334788478
validation,0.3557765687125529
validation,0.7645783926801819
validation,0.3295798061205569
validation,0.6468392119404172
validation,0.3572443203103572
validation,0.5387690564430169
validation,0.2106219148593775
validation,0.6809874467450344
validation,0.7626503505735884
validation,0.7820483868454988
validation,0.3476718324958605
validation,0.6513726747779245
validation,0.3794489652268363
validation,0.5665147471842876
validation,0.7585263299119518
validation,0.5280719309070461
validation,0.6114119773404428
validation,0.2133178245101435
validation,0.5644851363705079
validation,0.2438277902794577
validation,0.3631937569324225
validation,0.4741958952223215
validation,0.2079924974879373
validation,0.3557765687125529
validation,0.262493136215718
validation,0.353178978563316
validation,0.9178249839199142
validation,0.4737628211645296
validation,0.8490373080369426
validation,0.2765471917665731
validation,0.2428579200227429
validation,0.2367451377154471
validation,0.9763051382515036
validation,0.5472047750375314
validation,0.3161896589462485
validation,0.5016817176331757
validation,0.2825245276317276
validation,0.6320595983922511
validation,0.2825913060692489
validation,0.5016817176331757
validation,0.6445157618250967
validation,0.3362176954877907
validation,0.2688219162642518
validation,0.7550356824523557
validation,0.4725067364481123
validation,0.5476378490953233
validation,0.5696501276704823
validation,0.5016817176331757
validation,0.560656814906508
validation,0.4034844627595123
validation,0.1352356325000228
validation,0.4819532823827923
validation,0.2547574352571834
validation,0.7055934144601453
validation,0.2755018723483492
validation,0.2771566645647185
validation,0.3064351810557102
validation,0.2711033477503899
validation,0.5016817176331757
validation,0.3589852382836449
validation,0.3147571912037446
validation,0.5055871792622317
validation,0.5291861680350016
validation,0.5472047750375314
validation,0.7362931116777844
validation,0.5349578958578213
validation,0.2227194238267438
validation,0.3983316024972124
validation,0.3636240594405851
validation,0.3164197792386664
validation,0.2011698458516167
validation,0.3020656445280439
validation,0.5153312782800712
validation,0.7683250200233438
validation,0.1584634493478701
validation,0.5767006291010207
validation,0.8312004712747322
validation,0.8561305635387877
validation,0.7114477196845627
validation,0.8064120571139098
validation,0.2483582259347783
validation,0.1710157956589259
validation,0.3121607007578829
validation,0.7019940524380834
validation,0.2216501927594158
validation,0.6655548279378316
validation,0.2471872852648053
validation,0.294291939732461
validation,0.8149529073393356
validation,0.8999814821397759
validation,0.3496209518571744
validation,0.5639076706858425
validation,0.5472047750375314
validation,0.3631937569324225
validation,0.4317357176221921
validation,0.3496209518571744
validation,0.7061060098496257
validation,0.422168009797338
validation,0.2412427886854299
validation,0.5016817176331757
validation,0.3407402738970694
validation,0.4737628211645296
validation,0.3476718324958605
validation,0.7705245807522612
validation,0.2466501202510772
validation,0.3221381270753971
validation,0.4741958952223215
validation,0.3080036557895993
validation,0.316135040934816
validation,0.7810956560710803
validation,0.2412427886854299
validation,0.3649989836497214
validation,0.7550356824523557
validation,0.2147777642191291
validation,0.4737628211645296
validation,0.5016817176331757
validation,0.5362723831929368
validation,0.9668575037285686
validation,0.4993644571845804
validation,0.2360602778623331
validation,0.1570657953500364
validation,0.3880671453873014
validation,0.5472047750375314
validation,0.5021147916909676
validation,0.4019899648749099
validation,0.3875990787904799
validation,0.2338048936541199
validation,0.347548842590536
validation,0.3562096427703447
validation,0.5286588524501212
validation,0.2965728886905234
validation,0.353178978563316
validation,0.5488324208813827
validation,0.5751137253477058
validation,0.5627915981117186
validation,0.8275606506409718
validation,0.3476718324958605
validation,0.4741958952223215
validation,0.3213372021795054
validation,0.1849320485193339
validation,0.2493291030057569
validation,0.383009652286892
validation,0.2723736073944449
validation,0.3572443203103572
validation,0.2282432117118527
validation,0.4455434365514885
validation,0.5476828722492777
validation,0.4146115338768967
validation,0.4790750204763974
validation,0.280564701765243
validation,0.4586639325671233
validation,0.1345141065081632
validation,0.7254702654319582
validation,0.2762943302781315
validation,0.2412427886854299
validation,0.8309173634489454
validation,0.3486300971187793
validation,0.3407402738970694
validation,0.6444869245291199
validation,0.4606474738218754
validation,0.5045273772493064
validation,0.7187220183612212
validation,0.5016817176331757
validation,0.2088016338943116
validation,0.2483582259347783
validation,0.5754320648565084
validation,0.7766600711919472
validation,0.3557765687125529
validation,0.1251536561901561
validation,0.3407402738970694
validation,0.8064110525172861
validation,0.3503836320112613
validation,0.3443228069424777
validation,0.5476378490953233
validation,0.4513087021085356
validation,0.5004451882827032
validation,0.7296650635271507
validation,0.6585173328639566
validation,0.5040943031915145
validation,0.5384519797264191
validation,0.5662044072692565
validation,0.4062443070242453
validation,0.5153444634833797
validation,0.2284798279759364
validation,0.5144136606854893
validation,0.3486047863208142
validation,0.2375407059777612
validation,0.2710959312883154
validation,0.7736879128534687
validation,0.7385477896523746
validation,0.5230506306659646
validation,0.6113857405358246
validation,0.7697818102920513
validation,0.1549356488550801
validation,0.3557765687125529
validation,0.5021147916909676
validation,0.1982112218211089
validation,0.5323224323523424
validation,0.7529844184643844
validation,0.7576297863717832
validation,0.3213372021795054
validation,0.2577934179291718
validation,0.3386667948767411
validation,0.5841401439512942
validation,0.2582123169386383
validation,0.2292951543541626
validation,0.7239399484696791
validation,0.4089583448831869
validation,0.1222805649152558
validation,0.3557765687125529
validation,0.4737628211645296
validation,0.3636240594405851
validation,0.3744621554536982
validation,0.7565390202533769
validation,0.3950245097469087
validation,0.8310111189931607
validation,0.5016817176331757
validation,0.7777951507349742
validation,0.3227930770588116
validation,0.3518764328415394
validation,0.2684134324321344
validation,0.7059218853826381
validation,0.3671821297914254
validation,0.2397629554409127
validation,0.4022933897119849
validation,0.467472922320462
validation,0.5317011224003962
validation,0.2483582259347783
validation,0.7958201594139033
validation,0.4346002718709116
validation,0.2412427886854299
validation,0.4089748354347985
validation,0.3403258034389456
validation,0.2212668118305268
validation,0.294165196792801
validation,0.3503741204210985
validation,0.5040943031915145
validation,0.5043011023296919
validation,0.5432633135035194
validation,0.3221381270753971
validation,0.485858173905489
validation,0.353178978563316
validation,0.6983707611809402
validation,0.3496209518571744
validation,0.5177608798514612
validation,0.7849194694858949
validation,0.5142405121616649
validation,0.2572719783564029
validation,0.6756153005849883
validation,0.3407402738970694
validation,0.5085508935230189
validation,0.5016817176331757
validation,0.1788254639748563
validation,0.7158488922058551
validation,0.2437057052243943
validation,0.791043701429478
validation,0.2878845210014581
validation,0.5975750834081986
validation,0.7847675083177301
validation,0.2295323159400195
validation,0.5045273772493064
validation,0.3929731285523957
validation,0.1560627530930441
validation,0.7280008192149603
validation,0.5047015085099666
validation,0.2133641778457926
validation,0.3466138520888806
validation,0.3468892500451618
validation,0.2825245276317276
validation,0.2264470047838468
validation,0.2722453548182778
validation,0.3407402738970694
validation,0.5312316662339361
validation,0.6603240178601278
validation,0.6190754753861009
validation,0.2040396565236307
validation,0.3741464152297508
validation,0.3562096427703447
validation,0.4006299210548465
validation,0.5477323654385222
validation,0.2821662817355003
validation,0.2548074094371411
validation,0.3572443203103572
validation,0.2499211361819673
validation,0.2903271337951865
validation,0.5918897427539531
validation,0.5210555592557157
validation,0.5021147916909676
validation,0.2250682837196653
validation,0.4741958952223215
validation,0.3557765687125529
validation,0.217928542303966
validation,0.5532530310128847
validation,0.3562096427703447
validation,0.5032015260053229
validation,0.3263713440622275
validation,0.2673941839331002
validation,0.2953981392578066
validation,0.728696713177894
validation,0.3531634642673738
validation,0.359291409318045
validation,0.5472047750375314
validation,0.353178978563316
validation,0.4003297327787877
validation,0.3835993145892152
validation,0.2640607360085861
validation,0.370850206901931
validation,0.3636240594405851
validation,0.731195122615565
validation,0.3048345348042866
validation,0.3863480341202995
validation,0.6697189494204112
validation,0.4019014667087722
validation,0.3557765687125529
validation,0.4256601363341687
validation,0.2298190850445324
validation,0.7422859810666277
validation,0.5353951110786379
validation,0.7679994462879527
validation,0.5758556194108143
validation,0.3456102985695005
validation,0.7103321787196125
validation,0.3288232265694701
validation,0.4752237237435007
validation,0.5625848855911646
validation,0.5914087014005487
validation,0.2604794379857922
validation,0.5016817176331757
validation,0.230044749185186
validation,0.1902489736804051
validation,0.8673027344538176
validation,0.6363599699598161
validation,0.4737628211645296
validation,0.2224231264539503
validation,0.687625431173487
validation,0.4203073315924775
validation,0.4040790130094707
validation,0.358135390715128
validation,0.555406891968407
validation,0.5110129311438846
validation,0.4486412746909083
validation,0.3441868182700753
validation,0.3823173047918542
validation,0.3213372021795054
validation,0.6988186728468079
validation,0.3468892500451618
validation,0.2965933863065671
validation,0.3157147414399677
validation,0.8958386648703774
validation,0.6911832068030592
validation,0.7565353229177415
validation,0.4257243954139525
validation,0.2438232319080771
validation,0.5045273772493064
validation,0.3649001373285345
validation,0.2992209630917684
validation,0.2486286338916727
validation,0.3198027589437489
validation,0.4741958952223215
validation,0.8349318421849382
validation,0.6307264351848133
validation,0.4737628211645296
validation,0.1801234029011273
validation,0.3562096427703447
validation,0.2605523419025879
validation,0.2366823990676935
validation,0.3407402738970694
validation,0.4373989062159372
validation,0.719030586197459
validation,0.7878145295851545
validation,0.3612029002909689
validation,0.5016817176331757
validation,0.4737628211645296
validation,0.5048240723130538
validation,0.2457938437377045
validation,0.683845344182122
validation,0.3100592540056536
validation,0.1698382355689626
validation,0.3221381270753971
validation,0.4144477215868766
validation,0.5419085563407989
validation,0.7753720144046786
validation,0.6087208240837265
validation,0.5299562901141859
validation,0.420667338694208
validation,0.2636824080398557
validation,0.7254702654319582
validation,0.8278017217546136
validation,0.5333453074626663
validation,0.5252872181511059
validation,0.7872734180043558
validation,0.6385316030728678
validation,0.2483582259347783
validation,0.5476378490953233
validation,0.814426899603196
validation,0.2483582259347783
validation,0.7311300021310988
validation,0.2027053565464376
validation,0.3562096427703447
validation,0.3844406396018478
validation,0.673763989865208
validation,0.380400979682491
validation,0.5330170411686403
validation,0.2410305658728347
validation,0.5317011224003962
validation,0.834503511585503
validation,0.3012410958891096
validation,0.1625443539883265
validation,0.5060668943522534
validation,0.5433682588204276
validation,0.7100091330884442
validation,0.3429046511300119
validation,0.1978319716210117
validation,0.5120025302699361
validation,0.520640955639906
validation,0.8043927247997709
validation,0.7841461983657839
validation,0.2329928814556804
validation,0.5078457217760801
validation,0.79005454971346
validation,0.3659706979690336
validation,0.5104107335108017
validation,0.4737628211645296
validation,0.4983017841325695
validation,0.2355426522093855
validation,0.2412427886854299
validation,0.3572443203103572
validation,0.3347815545298602
validation,0.3213372021795054
validation,0.2915389049581777
validation,0.3557765687125529
validation,0.776038761240001
validation,0.2781719878233922
validation,0.5040943031915145
validation,0.3429296248858523
validation,0.678957707132651
validation,0.4444068705237888
validation,0.5476378490953233
validation,0.8111372517823925
validation,0.4267413908624121
validation,0.8296587254265914
validation,0.4125549421591152
validation,0.3092207614537759
validation,0.353178978563316
validation,0.3636240594405851
validation,0.330462770112631
validation,0.3213372021795054
validation,0.1587626694351704
validation,0.2736111478892351
validation,0.395846022716548
validation,0.5016817176331757
validation,0.6703069613031339
validation,0.3572443203103572
validation,0.3920198786600402
validation,0.166143230493928
validation,0.3476718324958605
validation,0.6917795332145837
validation,0.1869886146050103
validation,0.4063263836338404
validation,0.2133712843754107
validation,0.2971657319397347
validation,0.3263111169837282
validation,0.5472047750375314
validation,0.7182525621947611
validation,0.8098908991302713
validation,0.6537421856251844
validation,0.4817826640182686
validation,0.3557765687125529
validation,0.3764287047500863
validation,0.2850998398621467
validation,0.4682130766189313
validation,0.8199498460118466
validation,0.2550492945711204
validation,0.3207520183565454
validation,0.2120337220113335
validation,0.6195460702992737
validation,0.2147033864802125
validation,0.2873670316583087
validation,0.2762564173382601
validation,0.7235079907993044
validation,0.3462085960256022
validation,0.1502635282159548
validation,0.851856263531396
validation,0.5442888613135056
validation,0.5040943031915145
validation,0.8272122460903715
validation,0.2412427886854299
validation,0.7422591006887885
validation,0.3179890807731448
validation,0.3852232012719358
validation,0.2094426398167983
validation,0.2360835452769328
validation,0.5155044268038956
validation,0.8391269612167612
validation,0.1126307605115476
validation,0.3486228842827814
validation,0.2443046857501427
validation,0.2412427886854299
validation,0.470100836661465
validation,0.4980374775645008
validation,0.3496209518571744
validation,0.4416782567879266
validation,0.2483582259347783
validation,0.7287642265551432
validation,0.2243096557845996
validation,0.2274006951311845
validation,0.5840877652783181
validation,0.2953268771844879
validation,0.5021147916909676
validation,0.8483235123838537
validation,0.2427440272452134
validation,0.4301026352702672
validation,0.3562096427703447
validation,0.3468892500451618
validation,0.2739220662830702
validation,0.3873503501494701
validation,0.3295070212330439
validation,0.7375854762463946
validation,0.5939433648642428
validation,0.4322132890430273
validation,0.5507604759169278
validation,0.7816077175096506
validation,0.3316047771805188
validation,0.3557765687125529
validation,0.5160537037838535
validation,0.5413609548058571
validation,0.5016817176331757
validation,0.8852795740930053
validation,0.2599512554430856
validation,0.5603661408624316
validation,0.7512637145008533
validation,0.1557989568461253
validation,0.343446268382344
validation,0.923593312659056
validation,0.5472047750375314
validation,0.5472047750375314
validation,0.5673057033793183
validation,0.3572443203103572
validation,0.4737628211645296
validation,0.3153140820836175
validation,0.5329310883581756
validation,0.1963254361137457
validation,0.3496209518571744
validation,0.612351704360406
validation,0.3644985981804922
validation,0.2910555838933839
validation,0.5923398001464741
validation,0.8349318421849382
validation,0.2257579655083492
validation,0.4737628211645296
validation,0.3636240594405851
validation,0.2378039529961595
validation,0.5060971597865169
validation,0.3562096427703447
validation,0.5016817176331757
validation,0.3496209518571744
validation,0.2775596067863332
validation,0.5040943031915145
validation,0.5472047750375314
validation,0.7913411278228926
validation,0.8043142455936247
validation,0.6080250726554357
validation,0.4062510336561203
validation,0.4661905756312813
validation,0.3631937569324225
validation,0.6275734387048635
validation,0.504565917796148
validation,0.8250025872949904
validation,0.3903790109703049
validation,0.3221381270753971
validation,0.4154802658892539
validation,0.7818756515962054
validation,0.8191120467670002
validation,0.5016817176331757
validation,0.2412427886854299
validation,0.2135074606336869
validation,0.1224103067538536
validation,0.3658735069956704
validation,0.3407402738970694
validation,0.7053708463675785
validation,0.2194076248425437
validation,0.3213372021795054
validation,0.3207520183565454
validation,0.1966645586546359
validation,0.5016817176331757
validation,0.3307680902580233
validation,0.5569102297694282
validation,0.3213372021795054
validation,0.8435821823337878
validation,0.2483582259347783
validation,0.5045273772493064
validation,0.5905034689535172
validation,0.2046659880572218
validation,0.2288470578059821
validation,0.4896996602162309
validation,0.5732309662640931
validation,0.1766340935860589
validation,0.3557765687125529
validation,0.5472047750375314
validation,0.3468892500451618
validation,0.762466899407842
validation,0.2398304700232755
validation,0.3050691417037402
validation,0.560147281224081
validation,0.6539544994320374
validation,0.2842861029690298
validation,0.2966678837191026
validation,0.2553040556248793
validation,0.2569098758324796
validation,0.3698442389660771
validation,0.7261468167747079
validation,0.2204397803570295
validation,0.6908772010543528
validation,0.3864941436175316
validation,0.5472047750375314
validation,0.4056194656325751
validation,0.4354740255401024
validation,0.3531634642673738
validation,0.0583114737503095
validation,0.4548383038055846
validation,0.7823372812920467
validation,0.3523577078321787
validation,0.4741958952223215
validation,0.7239399484696791
validation,0.4782066907549411
validation,0.3557765687125529
validation,0.5045273772493064
validation,0.8744332272039546
validation,0.3468892500451618
validation,0.2061980539414228
validation,0.6928216262917049
validation,0.5472047750375314
validation,0.2355674424687245
validation,0.1783331314017041
validation,0.3496209518571744
validation,0.3437971457647183
validation,0.3532168032152306
validation,0.7806636984007056
validation,0.4024519635542923
validation,0.3728529227555134
validation,0.5016817176331757
validation,0.7820483868454988
validation,0.2552737324959581
validation,0.4617453872385224
validation,0.1900764615387181
validation,0.2593234193828752
validation,0.302070540832949
validation,0.4200086338458942
validation,0.3877133531265012
validation,0.3674465550741191
validation,0.7695142607498506
validation,0.3557765687125529
validation,0.4341183558328527
validation,0.5040943031915145
validation,0.3007822896461755
validation,0.5724846209900588
validation,0.151616112509844
validation,0.4737628211645296
validation,0.5859361884757658
validation,0.5045273772493064
validation,0.5040943031915145
validation,0.2463440285810986
validation,0.7937223478936182
validation,0.3814146052545594
validation,0.8949522688643299
validation,0.3476718324958605
validation,0.4321958095412135
validation,0.6692161951847276
validation,0.4737628211645296
validation,0.5916397690224
validation,0.1685375639423204
validation,0.8824071628893463
validation,0.3428054951202442
validation,0.3572443203103572
validation,0.3557765687125529
validation,0.4737628211645296
validation,0.1390430608581551
validation,0.4924311184903435
validation,0.5472047750375314
validation,0.2803459712665712
validation,0.3523577078321787
validation,0.2422011702579564
validation,0.2749226591284898
validation,0.3221381270753971
validation,0.4943450281236295
validation,0.4153410742970298
validation,0.2624009177052296
validation,0.3468892500451618
validation,0.7616722466741425
validation,0.7609389154702906
validation,0.3937026056132962
validation,0.5021147916909676
validation,0.475145432917786
validation,0.2451978887405819
validation,0.5656946174626045
validation,0.2412427886854299
validation,0.1576611183421167
validation,0.2133750789600973
validation,0.3288358440115469
validation,0.2664386912852428
validation,0.1619424163565991
validation,0.8150482095551422
validation,0.4370329551846382
validation,0.5040943031915145
validation,0.8516600002133337
validation,0.6681489318572591
validation,0.4737628211645296
validation,0.5235732737444054
validation,0.5040943031915145
validation,0.5040943031915145
validation,0.3088829538437987
validation,0.3562096427703447
validation,0.4266689634659126
validation,0.458880342503194
validation,0.3496209518571744
validation,0.3213372021795054
validation,0.5349578958578213
validation,0.3201079344880056
validation,0.7290717589319229
validation,0.2411813778661075
validation,0.4737628211645296
validation,0.2545341122488475
validation,0.5875472015512674
validation,0.4737628211645296
validation,0.2412427886854299
validation,0.2314147955402183
validation,0.7422859810666277
validation,0.3636240594405851
validation,0.7426910583591633
validation,0.8327394321324494
validation,0.2873469521272995
validation,0.5742954955778812
validation,0.3631937569324225
validation,0.6171596860986044
validation,0.3512868033810085
validation,0.5476378490953233
validation,0.3416734292610662
validation,0.8464976019164798
validation,0.3221381270753971
validation,0.2228629515579866
validation,0.353178978563316
validation,0.5629629541785903
validation,0.3407402738970694
validation,0.7775570629959948
validation,0.7243794993135519
validation,0.3752276697579942
validation,0.8275107880135276
validation,0.3636240594405851
validation,0.5291861680350016
validation,0.3213372021795054
validation,0.3111865749862512
validation,0.2619946486056579
validation,0.7343088025072093
validation,0.1442965447090088
validation,0.8063498159844292
validation,0.5472047750375314
validation,0.7777621421945788
validation,0.8125275048493866
validation,0.2493291030057569
validation,0.5476378490953233
validation,0.5021147916909676
validation,0.4982489823905914
validation,0.753860108142039
validation,0.2334457612681955
validation,0.2237046422802954
validation,0.4531666652222826
validation,0.2833745369182014
validation,0.48344390279785
validation,0.4286188861320717
validation,0.3631937569324225
validation,0.5016817176331757
validation,0.564529794524562
validation,0.8610156554009919
validation,0.3213372021795054
validation,0.3557765687125529
validation,0.6664107334371608
validation,0.3772534418497666
validation,0.4741958952223215
validation,0.3384081721402294
validation,0.5140798068844269
validation,0.5472047750375314
validation,0.6245009525573268
validation,0.0796911097614843
validation,0.3313266106003308
validation,0.62063683641768
validation,0.3631937569324225
validation,0.5580009958878345
validation,0.6120897398519057
validation,0.3468892500451618
validation,0.2635478436461297
validation,0.1567135999047544
validation,0.3768181402867999
validation,0.27570987948389
validation,0.3881691961797623
validation,0.3969755202359373
validation,0.5472047750375314
validation,0.2572241129554392
validation,0.2214816815477473
validation,0.5472047750375314
validation,0.3244486436760325
validation,0.3557765687125529
validation,0.6490968177177855
validation,0.7411952149482214
validation,0.3531634642673738
validation,0.3221381270753971
validation,0.1784354874868683
validation,0.4077791924430973
validation,0.7801216711450053
validation,0.7571189274121677
validation,0.0623578652115515
validation,0.2412427886854299
validation,0.4568245454312629
validation,0.5675432920417524
validation,0.3562096427703447
validation,0.3737929238428826
validation,0.3572443203103572
validation,0.8495621886930486
validation,0.5040943031915145
validation,0.762028133576014
validation,0.3402567078689237
validation,0.5016817176331757
validation,0.4600023323649199
validation,0.2683940568630205
validation,0.6890107559534068
validation,0.2412427886854299
validation,0.254018985997044
validation,0.5040943031915145
validation,0.3302679759221645
validation,0.5040943031915145
validation,0.353178978563316
validation,0.6420743389707811
validation,0.5021147916909676
validation,0.993016840280442
validation,0.7243855557425193
validation,0.297262697456498
validation,0.3407402738970694
validation,0.3327230340630088
validation,0.7765679267464342
validation,0.4737628211645296
validation,0.3127939439879221
validation,0.3531634642673738
validation,0.3496209518571744
validation,0.8826200138090933
validation,0.6678061770874824
validation,0.3572443203103572
validation,0.3407402738970694
validation,0.5649244472377877
validation,0.6023731156824578
validation,0.2219544028047477
validation,0.2552271294482308
validation,0.6991190467163049
validation,0.2456833745185258
validation,0.2724460875437896
validation,0.9339337157656782
validation,0.5472047750375314
validation,0.2483582259347783
validation,0.925867469723653
validation,0.5210281962487904
validation,0.3526864138554304
validation,0.79209654289525
validation,0.2412427886854299
validation,0.7892916020628764
validation,0.4321586325864675
validation,0.4737628211645296
validation,0.2412427886854299
validation,0.7718796218123364
validation,0.3246006136247329
validation,0.7015245962716233
validation,0.9926768136070824
validation,0.2183558851318423
validation,0.9605916423027784
validation,0.3557765687125529
validation,0.2617042507816641
validation,0.1679036572497538
validation,0.7267939808867546
validation,0.3562096427703447
validation,0.2020376542841918
validation,0.2493291030057569
validation,0.1857832813123964
validation,0.3407402738970694
validation,0.3407402738970694
validation,0.249286602933883
validation,0.7273457376025128
validation,0.2627743275754193
validation,0.2432650757879971
validation,0.3473899216529993
validation,0.4288671303366714
validation,0.7755535381148709
validation,0.3510186479432836
validation,0.577633124661889
validation,0.1561925478665363
validation,0.2664576780812618
validation,0.2211973563178227
validation,0.6190299015694289
validation,0.2468681886198053
validation,0.7664773145520124
validation,0.5155044268038956
validation,0.3741464152297508
validation,0.8098908991302713
validation,0.5366539533601294
validation,0.2682471543937483
validation,0.3221381270753971
validation,0.5142405121616649
validation,0.3207520183565454
validation,0.3500646415874097
validation,0.3407402738970694
validation,0.4475981216311754
validation,0.4737628211645296
validation,0.3468892500451618
validation,0.5275419829727316
validation,0.7685751260722975
validation,0.5099387772210555
validation,0.0964736544616562
validation,0.3566769518039004
validation,0.7697818102920513
validation,0.2489549993736224
validation,0.2183263703143003
validation,0.5605860266800433
validation,0.3468892500451618
validation,0.3562096427703447
validation,0.3207520183565454
validation,0.3100400053273501
validation,0.2019079283590652
validation,0.827887950643211
validation,0.5068666456888349
validation,0.8280913457992648
validation,0.6255620206285333
validation,0.5160681080165683
validation,0.2730869788437631
validation,0.2532035049333794
validation,0.8150200494245271
validation,0.5016817176331757
validation,0.3407402738970694
validation,0.3492817087606354
validation,0.644984590780304
validation,0.2715728854997379
validation,0.2282929706221717
validation,0.5950033687413107
validation,0.8337116925594044
validation,0.5472047750375314
validation,0.2412427886854299
validation,0.8031665526709614
validation,0.3212478611204944
validation,0.3557765687125529
validation,0.2093579779529817
validation,0.3468892500451618
validation,0.7736879128534687
validation,0.5016817176331757
validation,0.2263809110183274
validation,0.3562096427703447
validation,0.5067527825254201
validation,0.2588804910338516
validation,0.1590837673841123
validation,0.3213372021795054
validation,0.8384994674790951
validation,0.7294852698383423
validation,0.5472047750375314
validation,0.4074329703737865
validation,0.3572443203103572
validation,0.4737628211645296
validation,0.781801231815632
validation,0.3376300684530438
validation,0.2219957947022655
validation,0.1589688612586283
validation,0.5312316662339361
validation,0.5835803177251245
validation,0.3847113042108886
validation,0.3552414041543241
validation,0.2860837792098588
validation,0.1917734184088607
validation,0.3562096427703447
validation,0.7037196742970332
validation,0.207233226298501
validation,0.3557765687125529
validation,0.3476718324958605
validation,0.3241339966323344
validation,0.5342853854074658
validation,0.7118732151849856
validation,0.4191592869633571
validation,0.3557765687125529
validation,0.3620140087382094
validation,0.4819436528565587
validation,0.5472047750375314
validation,0.4491850110196577
validation,0.5045273772493064
validation,0.2679105191424118
validation,0.5472047750375314
validation,0.2524701231573388
validation,0.2902612487268174
validation,0.7146979604057685
validation,0.1069796763019571
validation,0.601937183247111
validation,0.78992680910148
validation,0.4542094177180625
validation,0.5016817176331757
validation,0.4524672291588224
validation,0.3714244625676589
validation,0.5323224323523424
validation,0.4197563629032197
validation,0.3187293072924813
validation,0.5040943031915145
validation,0.7778058925586823
validation,0.5911849008464902
validation,0.3560255568401287
validation,0.4193185525679208
validation,0.5154839593451831
validation,0.1801792144502568
validation,0.7550356824523557
validation,0.3067460752587312
validation,0.4344797804694564
validation,0.2357445185309738
validation,0.5244457484178842
validation,0.3636240594405851
validation,0.6621911190795334
validation,0.7755693050735409
validation,0.3213372021795054
validation,0.3696938527980509
validation,0.8042927628418755
validation,0.2309170333645616
validation,0.1932031038016716
validation,0.3102663151554301
validation,0.5021147916909676
validation,0.5765176850120483
validation,0.2493291030057569
validation,0.3572443203103572
validation,0.3557765687125529
validation,0.513956903185924
validation,0.1653989235118497
validation,0.5679351112265486
validation,0.4737628211645296
validation,0.5230506306659646
validation,0.5016817176331757
validation,0.315195559821298
validation,0.373004408161863
validation,0.3957240269048999
validation,0.4233231265165559
validation,0.3047533850864527
validation,0.353178978563316
validation,0.6335850202062466
validation,0.7161126409025526
validation,0.2662654563046184
validation,0.33894936251449
validation,0.1841351351782491
validation,0.3207520183565454
validation,0.2177908898103053
validation,0.7697818102920513
validation,0.6475786946997315
validation,0.6987790886195313
validation,0.1946672747564213
validation,0.7420573797100246
validation,0.4567375488864758
validation,0.4756105602546158
validation,0.8312004712747322
validation,0.3387283852669814
validation,0.3407402738970694
validation,0.4493850684079378
validation,0.3440585916680191
validation,0.3661755335570504
validation,0.2330673347043502
validation,0.5275419829727316
validation,0.2726323737253049
validation,0.5308378123738119
validation,0.2412427886854299
validation,0.5472047750375314
validation,0.2493291030057569
validation,0.4741958952223215
validation,0.314145027501615
validation,0.3468892500451618
validation,0.6675235203822768
validation,0.3272834330967578
validation,0.2493291030057569
validation,0.7201660754871846
validation,0.8789727903942346
validation,0.7206867707863526
validation,0.2832041206956531
validation,0.3485851400691028
validation,0.1685102235764158
validation,0.2369528638383996
validation,0.2539318998463527
validation,0.2491865096865399
validation,0.3407402738970694
validation,0.7468658253548199
validation,0.7755687330145088
validation,0.3557765687125529
validation,0.7825764874928743
validation,0.5132800142920998
validation,0.3557765687125529
validation,0.6128635412326773
validation,0.1984930515684572
validation,0.8406237477321025
validation,0.4062292826836869
validation,0.7550676533967142
validation,0.5976479339296589
validation,0.4609341344608842
validation,0.2190233921957761
validation,0.2678223259423196
validation,0.5472047750375314
validation,0.8337362420081047
validation,0.291645548124915
validation,0.4502889623413723
validation,0.6064697466098029
validation,0.4737628211645296
validation,0.8127619817706674
validation,0.3281278910014498
validation,0.7004071035035735
validation,0.327012768487717
validation,0.5040943031915145
validation,0.5054369314210609
validation,0.3213372021795054
validation,0.1811111075224765
validation,0.2155164033003773
validation,0.7739409497197159
validation,0.4238299572276764
validation,0.4790010700819854
validation,0.3206969468502148
validation,0.5735152168685722
validation,0.2851578402140129
validation,0.3207520183565454
validation,0.4845473863022197
validation,0.7778892474178342
validation,0.3557765687125529
validation,0.5487745720877468
validation,0.3557765687125529
validation,0.5312316662339361
validation,0.3636240594405851
validation,0.1728978934186431
validation,0.7834916608653206
validation,0.3557765687125529
validation,0.5409518966018769
validation,0.5040943031915145
validation,0.3407402738970694
validation,0.8941485796247112
validation,0.3526072201475473
validation,0.2548074094371411
validation,0.6673351444598213
validation,0.5016817176331757
validation,0.3639966258743821
validation,0.345377480445924
validation,0.1671929643918448
validation,0.4996988430184586
validation,0.6032500828541433
validation,0.3407402738970694
validation,0.2893815570643958
validation,0.2321222147327696
validation,0.6594074614391233
validation,0.2749625916873885
validation,0.8391074071839263
validation,0.3468892500451618
validation,0.4695080559851758
validation,0.5351816170745305
validation,0.4737628211645296
validation,0.7077782318243087
validation,0.738467941934874
validation,0.5021147916909676
validation,0.354725002712519
validation,0.3317751884632672
validation,0.5577385698624733
validation,0.5889855170551923
validation,0.7668485184550049
validation,0.5612662633216583
validation,0.3407402738970694
validation,0.2032022304469052
validation,0.4060905104161835
validation,0.3557765687125529
validation,0.4441938796389495
validation,0.6024166473598747
validation,0.5021147916909676
validation,0.2593386874537998
validation,0.678606439000996
validation,0.8830266946710489
validation,0.3316537859055153
validation,0.5595660487881017
validation,0.911661347780724
validation,0.3496209518571744
validation,0.7051919921535047
validation,0.1562415996659767
validation,0.2596834907708108
validation,0.3213372021795054
validation,0.2294353394063808
validation,0.4866180610957318
validation,0.5761145924135564
validation,0.3557765687125529
validation,0.3557765687125529
validation,0.3476718324958605
validation,0.2529338204435741
validation,0.6447993708008376
validation,0.1698382355689626
validation,0.3557765687125529
validation,0.7509255766788232
validation,0.1900019031678273
validation,0.7158488922058551
validation,0.3213372021795054
validation,0.5823531971745322
validation,0.210273341976215
validation,0.4577154261473971
validation,0.2550567181654823
validation,0.3636240594405851
validation,0.7126772776621927
validation,0.8776332287965435
validation,0.3631937569324225
validation,0.1593145312319619
validation,0.5401946107495016
validation,0.8617193082510026
validation,0.5005469607139443
validation,0.2827420368111292
validation,0.3257223348635426
validation,0.4732010534354096
validation,0.5467796581171204
validation,0.33482662688875
validation,0.7739409497197159
validation,0.5445724702892465
validation,0.6593278896835297
validation,0.5472047750375314
validation,0.7550676533967142
validation,0.2736986464760326
validation,0.4845080407047479
validation,0.3110127067576166
validation,0.366693315620613
validation,0.7242210407673009
validation,0.7465426802299652
validation,0.4088006744592112
validation,0.4863216156930185
validation,0.3407402738970694
validation,0.658921052430356
validation,0.2975106059387088
validation,0.1879821664225144
validation,0.2842607921710646
validation,0.8461662253965465
validation,0.1401402664748184
validation,0.5464194410570572
validation,0.2507686470609391
validation,0.3531634642673738
validation,0.5005469607139443
validation,0.2903772449235111
validation,0.5275419829727316
validation,0.6714623962426605
validation,0.7152194822301415
validation,0.1605505199385923
validation,0.2402621795541182
validation,0.7999632066144632
validation,0.7937223478936182
validation,0.4639401046786431
validation,0.272342914668167
validation,0.1234341404987053
validation,0.5016817176331757
validation,0.3498918177466485
validation,0.3522468641246378
validation,0.3104749714510724
validation,0.3636240594405851
validation,0.3207520183565454
validation,0.3974177619029249
validation,0.5021147916909676
validation,0.2934331101024796
validation,0.3476718324958605
validation,0.5333453074626663
validation,0.3221381270753971
validation,0.5040943031915145
validation,0.3407402738970694
validation,0.2341596528661837
validation,0.3308904185280972
validation,0.2057967496390768
validation,0.1757190566120361
validation,0.8423286775873763
validation,0.3495504519544371
validation,0.7267939808867546
validation,0.7840186325138874
validation,0.2179223263505493
validation,0.5246086911356852
validation,0.2074555866920065
validation,0.3531634642673738
validation,0.2330945648193747
validation,0.7820483868454988
validation,0.779044185574467
validation,0.2380481120109352
validation,0.8330903826074582
validation,0.8349318421849382
validation,0.3138487696669183
validation,0.3531634642673738
validation,0.2849733797216626
validation,0.2825440050557536
validation,0.1584586548838076
validation,0.8310111189931607
validation,0.281051779973276
validation,0.4489136727896509
validation,0.4672752574947661
validation,0.4195765725758018
validation,0.1480372158827231
validation,0.2781603773195102
validation,0.3636240594405851
validation,0.8279337029778031
validation,0.3207520183565454
validation,0.2412427886854299
validation,0.3476718324958605
validation,0.4737628211645296
validation,0.2391487848245608
validation,0.815906296308978
validation,0.8173563443517647
validation,0.3612568954436221
validation,0.4741958952223215
validation,0.5472047750375314
validation,0.3572443203103572
validation,0.5472047750375314
validation,0.3253113178951796
validation,0.1283429442921207
validation,0.850577830204318
validation,0.3496209518571744
validation,0.1706789818396079
validation,0.7219837946384922
validation,0.4306924717401923
validation,0.7333763894449511
validation,0.230494355292659
validation,0.3310974828768841
validation,0.7845130834137578
validation,0.2316882056618872
validation,0.4448734000306868
validation,0.3468892500451618
validation,0.5182615716996728
validation,0.5467671877293676
validation,0.7697818102920513
validation,0.7217481239249669
validation,0.5021147916909676
validation,0.4737628211645296
validation,0.5040943031915145
validation,0.1107454336460688
validation,0.5275419829727316
validation,0.5074214636729114
validation,0.7718796218123364
validation,0.1842039925617763
validation,0.8312004712747322
validation,0.1662711124204252
validation,0.2412427886854299
validation,0.5093436831897908
validation,0.3496209518571744
validation,0.3557765687125529
validation,0.5045273772493064
validation,0.353178978563316
validation,0.3416734292610662
validation,0.6424155874653256
validation,0.5045273772493064
validation,0.2337392709273239
validation,0.6681489318572591
validation,0.3468892500451618
validation,0.5016817176331757
validation,0.5194110149039838
validation,0.2390991865545277
validation,0.6880237435624921
validation,0.5718739551939311
validation,0.8861027255496666
validation,0.35664871527594
validation,0.1693957404527604
validation,0.3794704347395851
validation,0.1670559444760877
validation,1.0438091824176563
validation,0.7629594987121256
validation,0.3330467488443775
validation,0.6916048598728343
validation,0.5320851408900346
validation,0.3496209518571744
validation,0.3557765687125529
validation,0.8678275349154582
validation,0.7691107263257054
validation,0.4778591770659722
validation,0.4053751133772378
validation,0.1443481913882227
validation,0.3207520183565454
validation,0.2483582259347783
validation,0.3213372021795054
validation,0.5021147916909676
validation,0.7381271815123019
validation,0.5472047750375314
validation,0.3557765687125529
validation,0.126511936140825
validation,0.4737628211645296
validation,0.3324478317370739
validation,0.2412427886854299
validation,0.4047224627428596
validation,0.6350984899692734
validation,0.2412427886854299
validation,0.2523304843049821
validation,0.4737628211645296
validation,0.2566040038188239
validation,0.5476378490953233
validation,0.7652635390471884
validation,0.7612753523694111
validation,0.5476378490953233
validation,0.2599925231494261
validation,0.756852610499751
validation,0.4032208018831363
validation,0.710669528034522
validation,0.3591209980352966
validation,0.4268642625028413
validation,0.3221381270753971
validation,0.846055655508119
validation,0.2735184872903919
validation,0.4328396689439067
validation,0.5762908145041454
validation,0.5274890752821499
validation,0.3286654327287985
validation,0.4312375950439031
validation,0.1933001134517997
validation,0.2445546217562746
validation,0.1979045417220475
validation,0.2049806049934693
validation,0.4321724785795375
validation,0.4332865756596197
validation,0.6619219936029572
validation,0.2806762800838548
validation,0.1314795882080371
validation,0.5016817176331757
validation,0.5045273772493064
validation,0.6058441867735708
validation,0.3444191346487598
validation,0.5281357604417323
validation,0.2354906194614648
validation,0.4475905289889981
validation,0.5472047750375314
validation,0.3557765687125529
validation,0.3213372021795054
validation,0.6608739605409338
validation,0.5137758609254316
validation,0.5210704541854909
validation,0.2719642861417992
validation,0.353178978563316
validation,0.274597711897632
validation,0.345755972246054
validation,0.4737628211645296
validation,0.3581619338613526
validation,0.4991576395966762
validation,0.2746708681297712
validation,0.5384519797264191
validation,0.2116991886748187
validation,0.5040943031915145
validation,0.1720809372784146
validation,0.8088800572875506
validation,0.3985085280213311
validation,0.6200529010103943
validation,0.3479792338421851
validation,0.3423763232744072
validation,0.3496209518571744
validation,0.3631937569324225
validation,0.4197577037993455
validation,0.644984590780304
validation,0.2104450975599701
validation,0.721991321129761
validation,0.3572443203103572
validation,0.3407402738970694
validation,0.556982725575582
validation,0.4344945453713496
validation,0.8624084722161273
validation,0.5865206454708876
validation,0.5852309100697005
validation,0.2395160631267311
validation,0.3476718324958605
validation,0.4790304373225985
validation,0.5016817176331757
validation,0.3060037609037975
validation,0.220297620150668
validation,0.6706217177881556
validation,0.4741958952223215
validation,0.3557765687125529
validation,0.3631937569324225
validation,0.5472047750375314
validation,0.8883204505425079
validation,0.2746841786386956
validation,0.5099720438329938
validation,0.2215108862721173
validation,0.5827894872153849
validation,0.2823052448493917
validation,0.5228271713238416
validation,0.500068915451251
validation,0.2692788557930237
validation,0.5016817176331757
validation,0.438625080452102
validation,0.5870366466160886
validation,0.7238252542159722
validation,0.3213372021795054
validation,0.5040943031915145
validation,0.5016817176331757
validation,0.2208425671054655
validation,0.2535970894339863
validation,0.5476378490953233
validation,0.2298115908497901
validation,0.3572443203103572
validation,0.5016817176331757
validation,0.3557765687125529
validation,0.6443056702061813
validation,0.953848351630471
validation,0.0802061694494481
validation,0.5887723152881514
validation,0.3658637372360112
validation,0.2621054974021184
validation,0.370696397266097
validation,0.3496209518571744
validation,0.3531634642673738
validation,0.6880255744515383
validation,0.3407402738970694
validation,0.3475660141534304
validation,0.243948686141149
validation,0.2485159153728894
validation,0.3407402738970694
validation,0.2887121378575191
validation,0.9223390848947556
validation,0.7272895689409332
validation,0.8098305177287397
validation,0.329428427918471
validation,0.2033871089068733
validation,0.6999056363590752
validation,0.1763325812735527
validation,0.6119370587867938
validation,0.6380328445090122
validation,0.2291272032061288
validation,0.3213372021795054
validation,0.4639401046786431
validation,0.2683702343296778
validation,0.3631937569324225
validation,0.1445073333939758
validation,0.5021147916909676
validation,0.6521741829100477
validation,0.4034455574833175
validation,0.5359239349796281
validation,0.5476378490953233
validation,0.7252054543050872
validation,0.4737628211645296
validation,0.4549134302769256
validation,0.5476378490953233
validation,0.1789050568079873
validation,0.560078649537334
validation,0.2516160321529305
validation,0.915738096211402
validation,0.3711512955066337
validation,0.2557145158384099
validation,0.7262354899493982
validation,0.3572443203103572
validation,0.4789226910135282
validation,0.1902737769558084
validation,0.2346813331539827
validation,0.5040943031915145
validation,0.243948686141149
validation,0.4231302914945251
validation,0.2566990427744252
validation,0.322351812442209
validation,0.7145628789335565
validation,0.4741958952223215
validation,0.4515590080025729
validation,0.3151590347426768
validation,0.8060621835802178
validation,0.7500442304588391
validation,0.7682038900131213
validation,0.8103575743494138
validation,0.3572443203103572
validation,0.5016817176331757
validation,0.2878207795973345
validation,0.4393110830711677
validation,0.1287479991384853
validation,0.4280541357532031
validation,0.7209116673821377
validation,0.6595970151601059
validation,0.5472047750375314
validation,0.3577659573796071
validation,0.353178978563316
validation,0.5520119473125721
validation,0.1407798411909168
validation,0.4737628211645296
validation,0.2706682327990231
validation,0.3543765913928663
validation,0.5016817176331757
validation,0.3207520183565454
validation,0.5472047750375314
validation,0.1637743133962496
validation,0.3636240594405851
validation,0.2863471793204121
validation,0.5016817176331757
validation,0.3087256552422843
validation,0.248900198832562
validation,0.4737628211645296
validation,0.4095249680456037
validation,0.353178978563316
validation,0.1794365741490875
validation,0.4737628211645296
validation,0.3831457971610825
validation,0.2016144393713706
validation,0.2854298547064408
validation,0.5333946702977684
validation,0.2366173273085747
validation,0.8337260158215877
validation,0.3407402738970694
validation,0.4737628211645296
validation,0.7048104404154395
validation,0.1877694054874062
validation,0.3557765687125529
validation,0.7783364111764929
validation,0.4737628211645296
validation,0.784782395414716
validation,0.2600289155024016
validation,0.6385316030728678
validation,0.2267677565355328
validation,0.2756520856170241
validation,0.3631937569324225
validation,0.2337805902125156
validation,0.1617829964783715
validation,0.8500590252900403
validation,0.7187220183612212
validation,0.7698231522633864
validation,0.1848130075709105
validation,0.5089291662135756
validation,0.7386176374153927
validation,0.7396918771472002
validation,0.347548842590536
validation,0.4764000436045018
validation,0.2428727775311343
validation,0.3468892500451618
validation,0.2164911191330608
validation,0.5476378490953233
validation,0.5476378490953233
validation,0.2607738284984971
validation,0.5675185511572152
validation,0.3557765687125529
validation,0.4737628211645296
validation,0.5859361884757658
validation,0.4737628211645296
validation,0.4654327779669547
validation,0.284119438907322
validation,0.2575985217621382
validation,0.5040943031915145
validation,0.3697689523736876
validation,0.165006008104695
validation,0.2431185190473284
validation,0.835234629788392
validation,0.7755693050735409
validation,0.7718796218123364
validation,0.6040571610514641
validation,0.1491671256033895
validation,0.8275107880135276
validation,0.5969144939329304
validation,0.2302585314012937
validation,0.5016817176331757
validation,0.3071789569977678
validation,0.3407402738970694
validation,0.3862690956212268
validation,0.4074679078323313
validation,0.7766600711919472
validation,0.3557765687125529
validation,0.2256086810468861
validation,0.3308260028012427
validation,0.3531634642673738
validation,0.7921389990399206
validation,0.1538319998194932
validation,0.2879886809283529
validation,0.5476378490953233
validation,0.3636240594405851
validation,0.0924680580045381
validation,0.8820764826877424
validation,0.2493291030057569
validation,0.4055060804795304
validation,0.5075569656372346
validation,0.3572443203103572
validation,0.3293518473967388
validation,0.5476378490953233
validation,0.6875917858921173
validation,0.7472540797494659
validation,0.2564474332211434
validation,0.1946224792954991
validation,0.4841507419036386
validation,0.7920842920568442
validation,0.5670001410701908
validation,0.4491850110196577
validation,0.5636883643699231
validation,0.1361094086718199
validation,0.3164610029543567
validation,0.7550356824523557
validation,0.4737628211645296
validation,0.3468892500451618
validation,0.2493291030057569
validation,0.5487745720877468
validation,0.5714314217736552
validation,0.3475722839530309
validation,0.2331768149372685
validation,0.3643035595567254
validation,0.0713976025021391
validation,0.2425603286324167
validation,0.3213372021795054
validation,0.2412427886854299
validation,0.2444582261533606
validation,0.3224790829894401
validation,0.4215387626883745
validation,0.4543152117971957
validation,0.5040943031915145
validation,0.5151600923733222
validation,0.8371909178071217
validation,0.5021147916909676
validation,0.2437690624719569
validation,0.7277776952728875
validation,0.709825499607024
validation,0.2770659464517201
validation,0.3213372021795054
validation,0.3873503501494701
validation,0.3961981064692537
validation,0.2253048696888699
validation,0.5948527297394133
validation,0.3292981216700363
validation,0.3572443203103572
validation,0.4423600498433861
validation,0.7596788452436862
validation,0.635515547732526
validation,0.3496209518571744
validation,0.3572443203103572
validation,0.2493291030057569
validation,0.4549608480802936
validation,0.8310111189931607
validation,0.8559591735562293
validation,0.1309128339506736
validation,0.291709588824333
validation,0.7720884580462717
validation,0.5943203900135029
validation,0.6151337685036303
validation,0.6175532424454601
validation,0.6824419621873314
validation,0.2467875133584742
validation,0.2532784744271427
validation,0.4174863664223749
validation,0.4312257471510244
validation,0.4741958952223215
validation,0.2654305929891386
validation,0.3526072201475473
validation,0.570594362732709
validation,0.8128550958190505
validation,0.6750602562788055
validation,0.2079340631234243
validation,0.5045273772493064
validation,0.3562096427703447
validation,0.4027401749585825
validation,0.6546798735070178
validation,0.0960271399801925
validation,0.5736609019706932
validation,0.1784156072393387
validation,0.1807908558617236
validation,0.2524982739802647
validation,0.4737628211645296
validation,0.7596478302051268
validation,0.5016817176331757
validation,0.1247630866408156
validation,0.2886205982903297
validation,0.7481690860068323
validation,0.9068309032922788
validation,0.353178978563316
validation,0.2579219176645339
validation,0.3531634642673738
validation,0.5472047750375314
validation,0.7816077175096506
validation,0.2493291030057569
validation,0.7411670311042827
validation,0.2604254202703058
validation,0.353178978563316
validation,0.2620478331080669
validation,0.2375761516755012
validation,0.7267478636750259
validation,0.350062229029397
validation,0.4346139642383915
validation,0.5673628492656763
validation,0.2271098846456335
validation,0.1838129775949582
validation,0.5045273772493064
validation,0.4784398061029058
validation,0.3475392339708176
validation,0.1752522372048232
validation,0.4266869042097683
validation,0.2145736808942782
validation,0.2645500694339922
validation,0.2933942918446812
validation,0.4151835853459822
validation,0.2368427327410042
validation,0.7682940741470524
validation,0.2869038807192242
validation,0.2483582259347783
validation,0.4304617346746334
validation,0.7243422278443944
validation,0.3423108444179805
validation,0.8725021732899974
validation,0.2960665697756659
validation,0.2102999993526817
validation,0.2412427886854299
validation,0.3007597004715767
validation,0.4443274554333458
validation,0.4280520727111852
validation,0.4108359150049225
validation,0.3708286128189426
validation,0.7015245962716233
validation,0.2747160213773778
validation,0.2395412857411214
validation,0.5472047750375314
validation,0.3155278127885116
validation,0.2843487232592601
validation,0.2238442318015112
validation,0.9507446593369632
validation,0.2493291030057569
validation,0.5629226500187967
validation,0.3423650138541007
validation,0.8861953579019035
validation,0.4512966208189666
validation,0.8250229724900064
validation,0.4341294757482329
validation,0.6861268322251652
validation,0.4741958952223215
validation,0.6724255654949455
validation,0.2728389946116346
validation,0.5565234030313826
validation,0.2493291030057569
validation,0.2438123954256837
validation,0.4501846329084256
validation,0.3213372021795054
validation,0.2915883142976713
validation,0.4013824107806042
validation,0.2319162253252523
validation,0.2066979609817856
validation,0.6725380292406956
validation,0.7267220281654144
validation,0.3562096427703447
validation,0.8159264615372949
validation,0.6137103931448598
validation,0.3938631601139324
validation,0.5021147916909676
validation,0.1500772922974714
validation,0.7269796596619468
validation,0.4941982498090249
validation,0.5190784344916957
validation,0.4518349377039781
validation,0.1587806530691206
validation,0.3282742024989082
validation,0.1967245805697163
validation,0.3651768433528815
validation,0.3129221168507498
validation,0.7491050869208664
validation,0.581950932129154
validation,0.8489852038156285
validation,0.6979699944826308
validation,0.43949382599492
validation,0.8043142455936247
validation,0.5040943031915145
validation,0.4672811763403257
validation,0.5241413967843709
validation,0.2412427886854299
validation,0.5378289784982173
validation,0.5324096496307227
validation,0.3883376491544767
validation,0.5016817176331757
validation,0.374251118246056
validation,0.2284465171974101
validation,0.5472047750375314
validation,0.3392333222240656
validation,0.5770446532516634
validation,0.5040943031915145
validation,0.3370895795634363
validation,0.3006858618265969
validation,0.4785185148572982
validation,0.5016817176331757
validation,0.3468892500451618
validation,0.3213372021795054
validation,0.2412427886854299
validation,0.3945220212010126
validation,0.1356573068822967
validation,0.2620971494154291
validation,0.2962875032238806
validation,0.4024519635542923
validation,0.2493291030057569
validation,0.4649434080628546
validation,0.7145628789335565
validation,0.2570840773144172
validation,0.2711096907061041
validation,0.2031309785816694
validation,0.5021147916909676
validation,0.5373302760616977
validation,0.179035756374179
validation,0.8892170270578631
validation,0.2816442688885989
validation,0.7365947455500894
validation,0.3557765687125529
validation,0.4541531119220003
validation,0.2191761529144127
validation,0.5040943031915145
validation,0.3394585926291377
validation,0.5718739551939311
validation,0.7291418810138764
validation,0.3557765687125529
validation,0.5160537037838535
validation,0.3452915600409073
validation,0.4288250094855643
validation,0.4737628211645296
validation,0.1764663419480673
validation,0.7841429881714753
validation,0.2905241694726249
validation,0.2702012121460685
validation,0.562585116469918
validation,0.2879839641790409
validation,0.5045273772493064
validation,0.602159316735737
validation,0.6634635945263468
validation,0.752349617823487
validation,0.3407402738970694
validation,0.2749044982009759
validation,0.5605250067022322
validation,0.2493291030057569
validation,0.7228761615125308
validation,0.2433235886644676
validation,0.541789770879388
validation,0.808181417357951
validation,0.6061277957493116
validation,0.3585760263289238
validation,0.5472047750375314
validation,0.5016817176331757
validation,0.3572443203103572
validation,0.6724633788031885
validation,0.2350938468703724
validation,0.2831938981617711
validation,0.5047061960384328
validation,0.4269710469065403
validation,0.2051167994131794
validation,0.2785090453437686
validation,0.1931689330339741
validation,0.3948730063894917
validation,0.353178978563316
validation,0.266511847517382
validation,0.7724605175737728
validation,0.5210555592557157
validation,0.7930937553504369
validation,0.183531067358774
validation,0.2412427886854299
validation,0.2284012807822166
validation,0.8856071644819352
validation,0.5629602447818591
validation,0.2646176153233622
validation,0.8537353062358185
validation,0.3407402738970694
validation,0.7094528018766751
validation,0.2086799807224206
validation,0.6247577099952856
validation,0.1710570477081123
validation,0.1332477237079051
validation,0.2127041086975159
validation,0.2412427886854299
validation,0.7110082771445639
validation,0.3572443203103572
validation,0.7565390202533769
validation,0.5045273772493064
validation,0.5016817176331757
validation,0.6824419621873314
validation,0.3007084595220951
validation,0.3468892500451618
validation,0.5040943031915145
validation,0.3468892500451618
validation,0.1460159980494649
validation,0.2608730872569502
validation,0.6089831215007309
validation,0.6681489318572591
validation,0.2929021317857979
validation,0.302952119528259
validation,0.6189937254665572
validation,0.2359061142377317
validation,0.3580643818905129
validation,0.5016817176331757
validation,1.0226046993265805
validation,0.691116078633083
validation,0.6345053536170447
validation,0.5016817176331757
validation,0.5545582665720228
validation,0.2838109371325546
validation,0.4737628211645296
validation,0.5021147916909676
validation,0.1306624577839238
validation,0.3468892500451618
validation,0.7184429961252826
validation,0.1762633034239584
validation,0.3496209518571744
validation,0.5016817176331757
validation,0.2008096444122198
validation,0.1758303987962238
validation,0.6930685064999214
validation,0.7576685913805664
validation,0.8458762919645336
validation,0.7275924809301091
validation,0.3213372021795054
validation,0.3089348410235005
validation,0.4159855199722265
validation,0.7257472441529268
validation,0.5367089661097515
validation,0.219077303210898
validation,0.1698564538146727
validation,0.3261691651790185
validation,0.3753894527530997
validation,0.1664138951029689
validation,0.4295624774196029
validation,0.8231640517787427
validation,0.7820483868454988
validation,0.3083187193980932
validation,0.3407402738970694
validation,0.2544825731911738
validation,0.7319667877486189
validation,0.8991893277089854
validation,0.3597705940968843
validation,0.2761843779925693
validation,0.496306763579246
validation,0.4049697969133057
validation,0.5016817176331757
validation,0.2391166733388381
validation,0.7216246901168865
validation,0.8474888803596886
validation,0.1984984942025038
validation,0.6102279403141335
validation,0.5021147916909676
validation,0.8718868632275695
validation,0.3125697447672854
validation,0.2899265907766555
validation,0.3217584941979292
validation,0.2860546342499059
validation,0.3213372021795054
validation,0.4982489823905914
validation,0.2412427886854299
validation,0.386622587008095
validation,0.7826864825659781
validation,0.1010010490222152
validation,0.4267000894130767
validation,0.8932558869910111
validation,0.3496209518571744
validation,0.5701447376181673
validation,0.7739409497197159
validation,0.5016817176331757
validation,0.3479907545934626
validation,0.2759299604922443
validation,0.4576379142807499
validation,0.7362604283010962
validation,0.3531634642673738
validation,0.2412427886854299
validation,0.2785259359536154
validation,0.2572346562074351
validation,0.5472047750375314
validation,0.699779170716373
validation,0.3794818391716199
validation,0.3557765687125529
validation,0.3562096427703447
validation,0.7026153623900296
validation,0.3407402738970694
validation,0.5476378490953233
validation,0.3407402738970694
validation,0.3903790109703049
validation,0.3213372021795054
validation,0.8704043617697123
validation,0.3249049323063966
validation,0.8503599630000847
validation,0.2744363488749751
validation,0.7873437857818331
validation,0.3639618486492065
validation,0.3523885219997256
validation,0.6011161665540408
validation,0.5950225752753276
validation,0.1835621156464132
validation,0.5472047750375314
validation,0.8660432226827428
validation,0.7720147032845484
validation,0.3297466872570418
validation,0.2674199028250039
validation,0.2725643890993519
validation,0.3476718324958605
validation,0.54977724313253
validation,0.6799585848268945
validation,0.7955270065398528
validation,0.2047275387969517
validation,0.3041363455170482
validation,0.2206197462659057
validation,0.3407402738970694
validation,0.7529107282546834
validation,0.3631937569324225
validation,0.1884458347705013
validation,0.5225419287559625
validation,0.5941036317890175
validation,0.7807165181226986
validation,0.2445724305593015
validation,0.3496209518571744
validation,0.6165811399082184
validation,0.4387572345822287
validation,0.3407937036493475
validation,0.2762186159772268
validation,0.7550356824523557
validation,0.3407402738970694
validation,0.7766600711919472
validation,0.6308067802117377
validation,0.3858038671613874
validation,0.267980520397451
validation,0.8146162518847675
validation,0.4607834480769739
validation,0.3468892500451618
validation,0.5472047750375314
validation,0.6653638095529448
validation,0.2030954737853593
validation,0.7062834058655568
validation,0.3492007587447558
validation,0.5021147916909676
validation,0.2145024185909634
validation,0.6666220912653001
validation,0.1858690492439691
validation,0.2603325955132012
validation,0.5472047750375314
validation,0.73113822300185
validation,0.2810354212073913
validation,0.2788739272988967
validation,0.7668761274423433
validation,0.224884054536175
validation,0.5214901434912403
validation,0.6761765754235468
validation,0.3753200926159131
validation,0.4737628211645296
validation,0.3221381270753971
validation,0.3531634642673738
validation,0.2593234193828752
validation,0.353178978563316
validation,0.7084788276773298
validation,0.2641349473179835
validation,0.1996188188618726
validation,0.6342835727161927
validation,0.4737628211645296
validation,0.3213372021795054
validation,0.7193433283131674
validation,0.4359795087114113
validation,0.1930107753823536
validation,0.8587715503157981
validation,0.606918508025838
validation,0.5040943031915145
validation,0.5016817176331757
validation,0.5045273772493064
validation,0.2443111025449496
validation,0.8856964456819683
validation,0.3006622322426987
validation,0.3168842129181461
validation,0.4146439019906086
validation,0.3557765687125529
validation,0.2742348663215493
validation,0.4737628211645296
validation,0.2747154301173172
validation,0.7048104404154395
validation,0.3496209518571744
validation,0.9220148385338752
validation,0.423074671680464
validation,0.3496209518571744
validation,0.8497970151563111
validation,0.3435717226154159
validation,0.3468892500451618
validation,0.1249421053970906
validation,0.7766600711919472
validation,0.1602900029799223
validation,0.6757054235304117
validation,0.9487462892912404
validation,0.4216082735994194
validation,0.1394101922167866
validation,0.2978098907869904
validation,0.2458580006317292
validation,0.2521431108624803
validation,0.4487087032076626
validation,0.3129291381095387
validation,0.2659874822984752
validation,0.7195337622436889
validation,0.7718796218123364
validation,0.6835815506644619
validation,0.6706274544973467
validation,0.5854272849055344
validation,0.3213372021795054
validation,0.3324672618331931
validation,0.3936713400581849
validation,0.2033802986572143
validation,0.6167138632352157
validation,0.7636741071467702
validation,0.1414769292511045
validation,0.8392133192024954
validation,0.4737628211645296
validation,0.3557765687125529
validation,0.589675022106104
validation,0.5014901297446925
validation,0.7839887614108184
validation,0.2767471267845465
validation,0.8340263176196749
validation,0.3513571677260657
validation,0.5254673006090554
validation,0.3637719126981366
validation,0.5040943031915145
validation,0.776038761240001
validation,0.3987237356117166
validation,0.5476378490953233
validation,0.8312004712747322
validation,0.5472047750375314
validation,0.1373475171114648
validation,0.2715572687965673
validation,0.8149529073393356
validation,0.5040943031915145
validation,0.6181199725296077
validation,0.3608650462829412
validation,0.2050889174750033
validation,0.6511480817057569
validation,0.352488052999734
validation,0.2483582259347783
validation,0.1944680393151036
validation,0.2856924474884038
validation,0.5476378490953233
validation,0.7316238330229049
validation,0.5543161258500007
validation,0.4187368737599388
validation,0.2321518124167771
validation,0.7841461983657839
validation,0.3468892500451618
validation,0.3370890072960458
validation,0.3492907696834003
validation,0.5016817176331757
validation,0.6642818275868562
validation,0.3146393053052289
validation,0.2472662135708952
validation,0.4050129185904787
validation,0.4041743216136557
validation,0.1331923552784556
validation,0.3917584363135973
validation,0.2331251173522563
validation,0.2632431755545142
validation,0.7662272085030587
validation,0.3221381270753971
validation,0.3416734292610662
validation,0.3296781201443908
validation,0.2527861166262238
validation,0.837723768047895
validation,0.7560612561653657
validation,0.7617059067192496
validation,0.7455621409995593
validation,0.7958201594139033
validation,0.2389849971890462
validation,0.3213372021795054
validation,0.3213372021795054
validation,0.8010870380880711
validation,0.3468892500451618
validation,0.7623503387307737
validation,0.2458443153611081
validation,0.4665342085980706
validation,0.3636240594405851
validation,0.1172027427349522
validation,0.732933464244859
validation,0.2705548091908997
validation,0.5271643285139983
validation,0.2840437049509475
validation,0.2280592766592359
validation,0.5016817176331757
validation,0.4668523425304907
validation,0.5040943031915145
validation,0.2053451209142151
validation,0.3562096427703447
validation,0.8487473746049297
validation,0.3293902583432085
validation,0.4212164108744489
validation,0.3531634642673738
validation,0.4973065551233448
validation,0.9082908835789764
validation,0.4226314755133339
validation,0.5046880400789453
validation,0.7199667347662235
validation,0.7872673696130167
validation,0.3423650138541007
validation,0.9106827274281342
validation,0.2296014042563136
validation,0.5016817176331757
validation,0.4737628211645296
validation,0.8576554741363779
validation,0.5659118788935773
validation,0.7238252542159722
validation,0.1975814272042994
validation,0.303794486170064
validation,0.3468892500451618
validation,0.5016817176331757
validation,0.7458326321293269
validation,0.4737628211645296
validation,0.4108182232034689
validation,0.2509027872635477
validation,0.4737628211645296
validation,0.3502553846065298
validation,0.7833748488283319
validation,0.3213372021795054
validation,0.4737628211645296
validation,0.201031597101261
validation,0.5876676348432617
validation,0.5670001410701908
validation,0.5040943031915145
validation,0.3636240594405851
validation,0.1561641626660512
validation,0.2872894529918994
validation,0.3221381270753971
validation,0.3941237060255286
validation,0.6613336379886948
validation,0.5016817176331757
validation,0.3246689127175
validation,0.7285029698599818
validation,0.2483582259347783
validation,0.5570651062355634
validation,0.4182837285404866
validation,0.5841129905468042
validation,0.4741958952223215
validation,0.154009738893512
validation,0.2818654980999794
validation,0.5160537037838535
validation,0.3221381270753971
validation,0.2273101617051273
validation,0.3753894527530997
validation,0.5040943031915145
validation,0.4737628211645296
validation,0.3526199921099073
validation,0.7345752593715767
validation,0.6684569892614223
validation,0.1905980720029364
validation,0.3476718324958605
validation,0.6830427052692353
validation,0.1649595233328772
validation,0.2455119910387435
validation,0.3505734861493564
validation,0.628518515246409
validation,0.4741958952223215
validation,0.5480523131327439
validation,0.6835327283057377
validation,0.2751604098075172
validation,0.2100970443662858
validation,0.5995691227499873
validation,0.6621911190795334
validation,0.5040943031915145
validation,0.7864940984929057
validation,0.3895543414903692
validation,0.7193433283131674
validation,0.2382546698738935
validation,0.4224542854709704
validation,0.5367089661097515
validation,0.3213372021795054
validation,0.7160324849788421
validation,0.7180552715258988
validation,0.3407402738970694
validation,0.7413410650293162
validation,0.3964657010771518
validation,0.5695114347756737
validation,0.308029246511657
validation,0.4118416419327695
validation,0.2372409347183223
validation,0.6589929805402596
validation,0.2483582259347783
validation,0.214274815127252
validation,0.3468892500451618
validation,0.1990293116560936
validation,0.3468892500451618
validation,0.5608944143756978
validation,0.154561828825966
validation,0.5045273772493064
validation,0.4227244512311174
validation,0.1218656536341183
validation,0.1539812999155141
validation,0.3557765687125529
validation,0.3786131354409498
validation,0.353178978563316
validation,0.3162402892709202
validation,0.3221381270753971
validation,0.5213754368915273
validation,0.3207520183565454
validation,0.6444869245291199
validation,0.4393110830711677
validation,0.3774324366194512
validation,0.2522690639596219
validation,0.6584864335836188
validation,0.5438253371376297
validation,0.5013467430654147
validation,0.8016754391216033
validation,0.5534181333328981
validation,0.3407402738970694
validation,0.4132790030916573
validation,0.5476378490953233
validation,0.1338142357115291
validation,0.353178978563316
validation,0.7799870589381193
validation,0.6240261116364437
validation,0.1804169232591647
validation,0.2995714661242925
validation,0.6835815506644619
validation,0.3207520183565454
validation,0.5275419829727316
validation,0.8434142977429161
validation,0.2493291030057569
validation,0.3468892500451618
validation,0.3407402738970694
validation,0.2400201335214179
validation,0.4632030763149989
validation,0.4737628211645296
validation,0.1250564684607513
validation,0.1885490329862139
validation,0.924938360109116
validation,0.2561987252333702
validation,0.3562096427703447
validation,0.2185376339286747
validation,0.4174649707173115
validation,0.4741679867713748
validation,0.3221381270753971
validation,0.2156909892759642
validation,0.5094365642752839
validation,0.3887657703587679
validation,0.3600427216310063
validation,0.4191814469553891
validation,0.7429899497884452
validation,0.2087743050439705
validation,0.4737628211645296
validation,0.2559316195798074
validation,0.3924365688546989
validation,0.2929660266664741
validation,0.1386960997714703
validation,0.2493291030057569
validation,0.3213372021795054
validation,0.23483003704573
validation,0.3531634642673738
validation,0.622881658359275
validation,0.5016817176331757
validation,0.5472047750375314
validation,0.2612192351800997
validation,0.7841461983657839
validation,0.4795844986122013
validation,0.6510834167916414
validation,0.3449130859746139
validation,0.2317878655946922
validation,0.4418296835965944
validation,0.3557765687125529
validation,0.2765758961337223
validation,0.4346208158620661
validation,0.1251968107736572
validation,0.3557765687125529
validation,0.8275107880135276
validation,0.3557765687125529
validation,0.7901679988976478
validation,0.5040943031915145
validation,0.7718796218123364
validation,0.5045273772493064
validation,0.3047071340228326
validation,0.8317565369468765
validation,0.2483582259347783
validation,0.3636240594405851
validation,0.687625431173487
validation,0.7457564553828293
validation,0.5606160019303728
validation,0.7293726838291914
validation,0.2884967632889684
validation,0.5357655524818161
validation,0.5040943031915145
validation,0.4040152153419151
validation,0.8064120571139098
validation,0.1805336827417299
validation,0.8164247504034771
validation,0.2805373344525679
validation,0.4332962585440317
validation,0.3557765687125529
validation,0.2489795670195738
validation,0.1290108039612899
validation,0.3856110403780433
validation,0.2412427886854299
validation,0.7284219274758915
validation,0.5956133533417902
validation,0.3566629900484195
validation,0.7890679158594462
validation,0.394124115685698
validation,0.7490598396348805
validation,0.3213372021795054
validation,0.3476718324958605
validation,0.5016817176331757
validation,0.7451075293041127
validation,0.1575845747821848
validation,0.2855203134679298
validation,0.4317489028255005
validation,0.2808949935384137
validation,0.7694062463395185
validation,0.3572443203103572
validation,0.2835837257928859
validation,0.3833985593200976
validation,0.3313583770065225
validation,0.3128736264875489
validation,0.1416435580538203
validation,0.4650852112118093
validation,0.2465151119584789
validation,0.5021147916909676
validation,0.279370995617942
validation,0.3645940291690289
validation,0.4684964538692669
validation,0.1301193110228438
validation,0.7231302746488946
validation,0.2412427886854299
validation,0.4737628211645296
validation,0.7576006898603063
validation,0.3407402738970694
validation,0.5040943031915145
validation,0.3057092377168215
validation,0.2652624488288816
validation,0.5472047750375314
validation,0.5192958536728178
validation,0.727618039863426
validation,0.1329977486891149
validation,0.1061189572613585
validation,0.7617073100397859
validation,0.2861200394381289
validation,0.4887118641427345
validation,0.5472047750375314
validation,0.2723598968079675
validation,0.5889855170551923
validation,0.7004071035035735
validation,0.2366879811328645
validation,0.4895496192904502
validation,0.7374615469440409
validation,0.187720501663396
validation,0.7422859810666277
validation,0.1786580164968176
validation,0.4645440215835479
validation,0.5874136105986949
validation,0.7816362298480848
validation,0.2653423102713147
validation,0.3480932483470691
validation,0.5206990716912524
validation,0.3631937569324225
validation,0.3557765687125529
validation,0.263759100597381
validation,0.8312004712747322
validation,0.8423759609849005
validation,0.8698292177994601
validation,0.5040943031915145
validation,0.5472047750375314
validation,0.2558325530763803
validation,0.3085154824726262
validation,0.2269554480481616
validation,0.5016817176331757
validation,0.5322572390079714
validation,0.6115660467922536
validation,0.3799764616380108
validation,0.8173563443517647
validation,0.348493150348451
validation,0.8439412659825313
validation,0.8458762919645336
validation,0.2499847791835557
validation,0.2493291030057569
validation,0.5067450984726365
validation,0.6022444267090163
validation,0.7539449163339494
validation,0.42405423317256
validation,0.3207520183565454
validation,0.3175892456308605
validation,0.3599911622258839
validation,0.6229976147563057
validation,0.3795012435153363
validation,0.1485691074266253
validation,0.3302679759221645
validation,0.3407402738970694
validation,0.3920080379936305
validation,0.6604079482120426
validation,0.2517284411736428
validation,0.3745850367811525
validation,0.552662112216994
validation,0.3407402738970694
validation,0.7524735494772867
validation,0.2698254281079768
validation,0.5206990716912524
validation,0.1231983215288753
validation,0.7543846678911272
validation,0.3886110451855375
validation,0.2665845491172259
validation,0.2483582259347783
validation,0.191689753735482
validation,0.1567616160682696
validation,0.5016817176331757
validation,0.3686720633638068
validation,0.7006061433171192
validation,0.3557765687125529
validation,0.7187220183612212
validation,0.3213387266085238
validation,0.7288739304904789
validation,0.679656750185603
validation,0.3807132441277633
validation,0.3995035506870383
validation,0.2013917994266531
validation,0.5261971466176304
validation,0.6529424428750249
validation,0.4530623458035941
validation,0.4330794999328723
validation,0.7745622596716621
validation,0.1676710367436892
validation,0.2471469715108777
validation,0.5967309339553268
validation,0.5476378490953233
validation,0.8423759609849005
validation,0.2412427886854299
validation,0.2943139839277495
validation,0.5958237278145241
validation,0.5040943031915145
validation,0.1210743447170056
validation,0.2678293360604714
validation,0.696035832058601
validation,0.2182688463547573
validation,0.7966310482307686
validation,0.7871516227002499
validation,0.1920960838092994
validation,0.1322125218408525
validation,0.4060477794703902
validation,0.2760551546062147
validation,0.4001303885809632
validation,0.7158737540847263
validation,0.7641273702443392
validation,0.5040943031915145
validation,0.7045380238290857
validation,0.6518415844121213
validation,0.5472047750375314
validation,0.7267939808867546
validation,0.2524952751604727
validation,0.9182306874782982
validation,0.5472047750375314
validation,0.2002333107300335
validation,0.6706217177881556
validation,0.3557765687125529
validation,0.5472047750375314
validation,0.3571698207595399
validation,0.225835337731948
validation,0.5472047750375314
validation,0.3842938994778167
validation,0.5040943031915145
validation,0.5016817176331757
validation,0.7011255703776057
validation,0.0662132218995863
validation,0.5269811647886398
validation,0.2595621555720392
validation,0.3791604020736315
validation,0.3862690956212268
validation,0.5472047750375314
validation,0.7279806923611409
validation,0.3262679848595186
validation,0.4060838934703067
validation,0.691116078633083
validation,0.3423458236247186
validation,0.7841461983657839
validation,0.7878001894174912
validation,0.5016817176331757
validation,0.6430111384448152
validation,0.3213372021795054
validation,0.5040943031915145
validation,0.5157872388862772
validation,0.1730152167163839
validation,0.5145412899407735
validation,0.7534535691452018
validation,0.3496209518571744
validation,0.4504682418841667
validation,0.3974177619029249
validation,0.2483582259347783
validation,0.8256387271510331
validation,0.5016817176331757
validation,0.2308902622592104
validation,0.4737628211645296
validation,0.361000056223684
validation,0.6420743389707811
validation,0.3557765687125529
validation,0.2914216833618175
validation,0.3802501137554779
validation,0.353178978563316
validation,0.2337187159943777
validation,0.3873756609474353
validation,0.1498423930803943
validation,0.7144723968500459
validation,0.2412427886854299
validation,0.7378927391246394
validation,0.2295091966216825
validation,0.5711204772082444
validation,0.2301478109676203
validation,0.1047879847251487
validation,0.5021147916909676
validation,0.5496742390104123
validation,0.8980344418634052
validation,0.1933147733369036
validation,0.2790820690121172
validation,0.4198408250816534
validation,0.3027256744710725
validation,0.9456434606030532
validation,0.5453796274319119
validation,0.440814420872189
validation,0.2493291030057569
validation,0.750384091517135
validation,0.1273931124424923
validation,0.6702187626458211
validation,0.7372201343485423
validation,0.7689739389626284
validation,0.6635035639498602
validation,0.2223258197887387
validation,0.7576297863717832
validation,0.3476718324958605
validation,0.536668802134622
validation,0.3227073278622634
validation,0.8444264891076614
validation,0.5016817176331757
validation,0.2657070863799073
validation,0.7739409497197159
validation,0.481310015899673
validation,0.3018110908104002
validation,0.788629869401335
validation,0.2864388645868621
validation,0.3407402738970694
validation,0.2475824423370854
validation,0.1579000387019103
validation,0.6726040378809216
validation,0.2733550943467318
validation,0.4790750204763974
validation,0.2729891468041261
validation,0.7287642265551432
validation,0.261559544589334
validation,0.4737628211645296
validation,0.3207520183565454
validation,0.2000350860042542
validation,0.5272937693084091
validation,0.7187220183612212
validation,0.353178978563316
validation,0.4237798058083215
validation,0.1268337819929078
validation,0.241822820662331
validation,0.1211515497291557
validation,0.7841546034636016
validation,0.7497887359704031
validation,0.4606474738218754
validation,0.7004071035035735
validation,0.6577695342406032
validation,0.6358226542778808
validation,0.2444528700604896
validation,0.7529107282546834
validation,0.3213372021795054
validation,0.727618039863426
validation,0.5040943031915145
validation,0.3423650138541007
validation,0.4118985261589283
validation,0.3958982443875555
validation,0.1923692235633703
validation,0.6850360661067589
validation,0.2412427886854299
validation,0.8487473746049297
validation,0.2466404195733751
validation,0.5045273772493064
validation,0.2080754755413307
validation,0.6047534206551645
validation,0.366913908633093
validation,0.5211606881860666
validation,0.4774990237753326
validation,0.249325757017754
validation,0.5692798512745036
validation,0.3948174259574126
validation,0.2176881869855934
validation,0.2412427886854299
validation,0.3766544512403628
validation,0.2727534849545363
validation,0.3997683647172273
validation,0.3572443203103572
validation,0.7004071035035735
validation,0.3213372021795054
validation,0.1718357088430236
validation,0.2273347540341501
validation,0.359338159482386
validation,0.6111210613408872
validation,0.2595654114827337
validation,0.28925905107942
validation,0.2712977980977945
validation,0.6499223926762191
validation,0.4128702241382919
validation,0.2151453349012055
validation,0.4737628211645296
validation,0.5472047750375314
validation,0.274101822147855
validation,0.3572443203103572
validation,0.2311678820685501
validation,0.217065767574623
validation,0.7777764591325119
validation,0.2626503107077402
validation,0.8631346885338324
validation,0.625529868468991
validation,0.2412427886854299
validation,0.2448226590346101
validation,0.7329138950371463
validation,0.3752276697579942
validation,0.4299735560604775
validation,0.4737628211645296
validation,0.7840186325138874
validation,0.4256296580997923
validation,0.5717455053022593
validation,0.1921297963387701
validation,0.756946215498332
validation,0.3407402738970694
validation,0.3636240594405851
validation,0.3221381270753971
validation,0.2483582259347783
validation,0.4326406294607995
validation,0.3741754697325704
validation,0.542903131483598
validation,0.3314134097917025
validation,0.6162928780204353
validation,0.5461804681683193
validation,0.3355492224210789
validation,0.481335276571867
validation,0.4962805035033957
validation,0.5138191064902272
validation,0.7353460498031977
validation,0.3531634642673738
validation,0.2483889288087385
validation,0.5094720947058642
validation,0.5476378490953233
validation,0.3221381270753971
validation,0.2513806055798965
validation,0.7832138688958228
validation,0.3557765687125529
validation,0.2493291030057569
validation,0.3563780506668991
validation,0.2491348045646422
validation,0.2437903069644129
validation,0.3667022705676839
validation,0.6953577232220669
validation,0.3666041780654026
validation,0.2108365583526307
validation,0.2601451792606651
validation,0.5939210243305979
validation,0.3531634642673738
validation,0.5472047750375314
validation,0.3300005316290089
validation,0.6757065650622976
validation,0.3176480527642379
validation,0.2133640694343413
validation,0.8479841995057212
validation,0.3540836569072195
validation,0.5472047750375314
validation,0.1697264375189898
validation,0.7065907569374292
validation,0.1920610146077054
validation,0.4699470909681726
validation,0.2330418119998919
validation,0.3460786601259593
validation,0.2889714448147961
validation,0.6209169861609763
validation,0.1316761854915691
validation,0.8275107880135276
validation,0.2143143285675876
validation,0.7669559148728773
validation,0.4737628211645296
validation,0.7456441790307388
validation,0.353178978563316
validation,0.2412427886854299
validation,0.1265891723035902
validation,0.361297796676692
validation,0.2344344175144099
validation,0.3572443203103572
validation,0.606918508025838
validation,0.2286940857847468
validation,0.2063256041991786
validation,0.5040943031915145
validation,0.3252906053621732
validation,0.2493291030057569
validation,0.6846723167828682
validation,0.6704429763496729
validation,0.226326917163925
validation,0.2559474932944118
validation,0.7623272166711959
validation,0.6523724491468893
validation,0.5040943031915145
validation,0.1576791480560124
validation,0.5016817176331757
validation,0.2857671888474191
validation,0.6051817585924016
validation,0.6989421061124863
validation,0.3653063759880812
validation,0.3463348028616021
validation,0.3636240594405851
validation,0.2412427886854299
validation,0.3114717490957324
validation,0.3816651521797059
validation,0.3408690158592671
validation,0.609504902981225
validation,0.61768259284007
validation,0.7524735494772867
validation,0.5472047750375314
validation,0.1917581525682867
validation,0.4362823763952631
validation,0.6419203723264089
validation,0.5040943031915145
validation,0.4457249381341204
validation,0.5016817176331757
validation,0.3572443203103572
validation,0.4301632027943273
validation,0.3631937569324225
validation,0.7612753523694111
validation,0.5016817176331757
validation,0.2443880097853898
validation,0.2483582259347783
validation,0.2151388039108102
validation,0.78701728100618
validation,0.5476378490953233
validation,0.5510896153762246
validation,0.2235043809821937
validation,0.2483582259347783
validation,0.3213372021795054
validation,0.5040943031915145
validation,0.5431948501146348
validation,0.3991199533712758
validation,0.2412427886854299
validation,0.7924342911063496
validation,0.2640119923603658
validation,0.5040943031915145
validation,0.7982060189291692
validation,0.3221381270753971
validation,0.7617073100397859
validation,0.4650852112118093
validation,0.3557765687125529
validation,0.2719642861417992
validation,0.2412427886854299
validation,0.7863885018107027
validation,0.4349213967186873
validation,0.6781967125564107
validation,0.4767240951796085
validation,0.3886110451855375
validation,0.2910493632804316
validation,0.1804055248864627
validation,0.2157560625454074
validation,0.78701728100618
validation,0.3544438520774515
validation,0.3631937569324225
validation,0.4617453872385224
validation,0.2187737455384386
validation,0.1287400413231998
validation,0.3916061649086546
validation,0.3356599417928824
validation,0.1606815866370687
validation,0.3264135182574388
validation,0.4737628211645296
validation,0.5021147916909676
validation,0.5463179903891607
validation,0.2774528136425643
validation,0.7203346067563762
validation,0.5040943031915145
validation,0.254785605139374
validation,0.5373045122569343
validation,0.4405238289492982
validation,0.6524000345393364
validation,0.2727992875772677
validation,0.5206990716912524
validation,0.4011888638160136
validation,0.5823531971745322
validation,0.3159224609381563
validation,0.7397556757215724
validation,0.353178978563316
validation,0.3468892500451618
validation,0.8962148805655039
validation,0.1788007892602773
validation,0.3410792188603337
validation,0.2601686060727677
validation,0.5492642548721904
validation,0.4523193263574982
validation,0.8423759609849005
validation,0.3373435614301123
validation,0.6412860221923388
validation,0.1547308222853265
validation,0.283314547784799
validation,0.5265743275354661
validation,0.2306799673821175
validation,0.3199417323771359
validation,0.3682256487154464
validation,0.1238113387300533
validation,0.3641258826974153
validation,0.6861268322251652
validation,0.5536271435632202
validation,0.3437511471019063
validation,0.5472047750375314
validation,0.1786758481718955
validation,0.3207520183565454
validation,0.2827517534606331
validation,0.7371798851476054
validation,0.2524701231573388
validation,0.327599929093152
validation,0.7472658174369217
validation,0.7004071035035735
validation,0.5585817042330705
validation,0.3123356920910359
validation,0.1606900564446159
validation,0.7697818102920513
validation,0.4454682729161704
validation,0.3650458632173714
validation,0.4669834004290209
validation,0.3527233049085726
validation,0.2817853057444999
validation,0.4737628211645296
validation,0.8119421731457248
validation,0.5040943031915145
validation,0.3496573577872883
validation,0.3139565945622392
validation,0.4405367015057629
validation,0.3643577289928456
validation,0.5590433299023662
validation,0.6744434419160109
validation,0.2840570869328863
validation,0.7295448265915687
validation,0.5771699469907613
validation,0.8883401757285483
validation,0.265756932261165
validation,0.4672811763403257
validation,0.353178978563316
validation,0.7841461983657839
validation,0.2673737431505443
validation,0.391163739347393
validation,0.4444855589045705
validation,0.2403557875425275
validation,0.481371721095891
validation,0.7326148119419644
validation,0.3002824592055517
validation,0.3207520183565454
validation,0.5647080399680161
validation,0.3468892500451618
validation,0.2164843151403258
validation,0.520741141695576
validation,0.6321693899415317
validation,0.4048886883278532
validation,0.4737628211645296
validation,0.3531634642673738
validation,0.796926374839513
validation,0.3197432860457423
validation,0.3522778811229729
validation,0.5045273772493064
validation,0.7009915962178912
validation,0.8304472571654129
validation,0.8019337056889165
validation,0.3557765687125529
validation,0.2910117350092686
validation,0.7225575277740172
validation,0.5040943031915145
validation,0.2280904658637835
validation,0.618683510420077
validation,0.9216770194998596
validation,0.3343553175778449
validation,0.1222654594766605
validation,0.5472047750375314
validation,0.2882661953295971
validation,0.3476718324958605
validation,0.1316054426853916
validation,0.3486300971187793
validation,0.4872015976430716
validation,0.5016817176331757
validation,0.2626831789133165
validation,0.511947186021346
validation,0.4737628211645296
validation,0.4931074836906187
validation,0.3232911504261255
validation,0.7539449163339494
validation,0.7885554264002853
validation,0.3407402738970694
validation,0.4737628211645296
validation,0.2547248525997295
validation,0.3511942219304638
validation,0.6602733803603809
validation,0.5491193781937604
validation,0.5016817176331757
validation,0.2313571951236202
validation,0.3860870963624536
validation,0.7368845930811764
validation,0.4631247944342051
validation,0.3551314543985562
validation,0.2500646440168684
validation,0.5168346160810924
validation,0.2057469850329008
validation,0.2929853192234418
validation,0.3407402738970694
validation,0.3557765687125529
validation,0.3557765687125529
validation,0.5889855170551923
validation,0.7820863873044563
validation,0.4737628211645296
validation,0.2184571725913075
validation,0.6371333752556386
validation,0.3972207670899795
validation,0.6166510230732386
validation,0.4190820043831275
validation,0.2493291030057569
validation,0.6776165049115007
validation,0.2130185271862718
validation,0.4381661475166413
validation,0.2340938585869354
validation,0.5510028588443057
validation,0.2637381397731658
validation,0.8467066107527733
validation,0.7590498790763893
validation,0.2820345802403508
validation,0.7422859810666277
validation,0.5317011224003962
validation,0.4737628211645296
validation,0.4737628211645296
validation,0.3647328191557111
validation,0.3557765687125529
validation,0.3668205861678441
validation,0.432667902132083
validation,0.4737628211645296
validation,0.2448936499539271
validation,0.2847318600725746
validation,0.5821326337635404
validation,0.5391717356391778
validation,0.6014955498256191
validation,0.3636240594405851
validation,0.7320557906932796
validation,0.2539275658659216
validation,0.1816501310207506
validation,0.4737628211645296
validation,0.4372361925750475
validation,0.3221381270753971
validation,0.7872337607767139
validation,0.2197690425054777
validation,0.5842085339152577
validation,0.5472047750375314
validation,0.7807645249109934
validation,0.4924311184903435
validation,0.5472047750375314
validation,0.3407402738970694
validation,0.8546403176997545
validation,0.7753541512416101
validation,0.2493291030057569
validation,0.2372462680432372
validation,0.5040943031915145
validation,0.343446268382344
validation,0.3556369722247137
validation,0.5170346212775916
validation,0.5016817176331757
validation,0.2146023679699252
validation,0.6673219592565128
validation,0.7820483868454988
validation,0.5010626003686425
validation,0.615350958067111
validation,0.5040943031915145
validation,0.7820483868454988
validation,0.5040943031915145
validation,0.1977293929711466
validation,0.3531634642673738
validation,0.5644354975215399
validation,0.773255955183094
validation,0.7604109235119995
validation,0.5045273772493064
validation,0.2991066743011947
validation,0.6942426744487658
validation,0.5472047750375314
validation,0.5045273772493064
validation,0.3476718324958605
validation,0.4363588838051234
validation,0.5472047750375314
validation,0.3468892500451618
validation,0.29496840049512
validation,0.277114836276621
validation,1.0239475007175531
validation,0.2592161137152165
validation,0.5175415728026531
validation,0.2297019033446065
validation,0.481082013035599
validation,0.5040943031915145
validation,0.2461444743656184
validation,0.6143013107160692
validation,0.5692798512745036
validation,0.375237181348157
validation,0.3213372021795054
validation,0.1551373091526629
validation,0.669758684030074
validation,0.5021147916909676
validation,0.4245322680513749
validation,0.603421918250678
validation,0.4928610487678369
validation,0.2921460683145593
validation,0.1983026004823982
validation,0.3513571677260657
validation,0.2875833999145247
validation,0.7697818102920513
validation,0.5472047750375314
validation,0.5157981880938014
validation,0.5898261961570337
validation,0.4763460526277767
validation,0.519496028876972
validation,0.7937223478936182
validation,0.4458283018834942
validation,0.1804437444311599
validation,0.7524735494772867
validation,0.2755206372652435
validation,0.5179385674028072
validation,0.3213372021795054
validation,0.3207520183565454
validation,0.2990981768430914
validation,0.8950003740873199
validation,0.7259316192903285
validation,0.464416591273572
validation,0.2493429598010779
validation,0.353178978563316
validation,0.3531634642673738
validation,0.4687264360793582
validation,0.2188344592072549
validation,0.2647065320565965
validation,0.3476718324958605
validation,0.3364961887232594
validation,0.344059741311095
validation,0.7617598292879709
validation,0.5665177512159109
validation,0.5472047750375314
validation,0.3563310703692975
validation,0.801631058538027
validation,0.7065085326691909
validation,0.2068098895304216
validation,0.4157489068851461
validation,0.9537294180521
validation,0.523987381183739
validation,0.5021147916909676
validation,0.5472047750375314
validation,0.1032859236672357
validation,0.2871962321185728
validation,0.7320129636542725
validation,0.1897564638526999
validation,0.7100091330884442
validation,0.3155364273116817
validation,0.8082069193227995
validation,0.3557765687125529
validation,0.4168528582068607
validation,0.4737628211645296
validation,0.6082927715249813
validation,0.4311019996495348
validation,0.7273457376025128
validation,0.3557765687125529
validation,0.2621145359437405
validation,0.660189008182433
validation,0.3636240594405851
validation,0.3207520183565454
validation,0.3407402738970694
validation,0.5146634271259404
validation,0.284917596421616
validation,0.5045273772493064
validation,0.267980520397451
validation,0.2674943641224859
validation,0.6752082943968363
validation,0.5560114469991091
validation,0.1576559571601796
validation,0.3557709489777481
validation,0.4668655277337991
validation,0.2978153480362007
validation,0.3682256487154464
validation,0.4669912757964529
validation,0.5908821372210853
validation,0.2885594859283989
validation,0.3361861385381388
validation,0.5230506306659646
validation,0.1196933659289964
validation,0.4737628211645296
validation,0.2504856520854079
validation,0.14439433856626
validation,0.4037541560980957
validation,0.227953798939074
validation,0.7890679158594462
validation,0.3745527821554764
validation,0.6334851334593875
validation,0.7617073100397859
validation,0.4192958033298484
validation,0.4617382399402816
validation,0.27836159950937
validation,0.4737628211645296
validation,0.5016817176331757
validation,0.7145628789335565
validation,0.6595970151601059
validation,0.2760198963943817
validation,0.3557765687125529
validation,0.2493291030057569
validation,0.8602698143467792
validation,0.3221381270753971
validation,0.3407402738970694
validation,0.5387356594494451
validation,0.3206155364889906
validation,0.5127444277254462
validation,0.2379157090825647
validation,0.3468892500451618
validation,0.4262609388685663
validation,0.300422200101608
validation,0.4175601378291514
validation,0.3207520183565454
validation,0.3683562896686851
validation,0.2649062277702319
validation,0.4062642188594287
validation,0.7895632084659535
validation,0.5291861680350016
validation,0.6916485705293383
validation,0.3557765687125529
validation,0.7842906902904176
validation,0.2909807883327773
validation,0.5512646337170063
validation,0.5040943031915145
validation,0.4834566201838135
validation,0.4210395878713813
validation,0.5166535738206
validation,0.1734852578533477
validation,0.2165317497807276
validation,0.2177044408602073
validation,0.7217853953941245
validation,0.3557765687125529
validation,0.2171105563290739
validation,0.3144753863872555
validation,0.5339666174146125
validation,0.4521047426881064
validation,0.343446268382344
validation,0.7714882599067264
validation,0.4480175914168888
validation,0.4703674449953003
validation,0.4737628211645296
validation,0.277674820283931
validation,0.4741958952223215
validation,0.2307298474617725
validation,0.6510834167916414
validation,0.5333453074626663
validation,0.6334851334593875
validation,0.5040943031915145
validation,0.2154234960667675
validation,0.7964214370630269
validation,0.6063550567308227
validation,0.7585263299119518
validation,0.3468892500451618
validation,0.1435837382939911
validation,0.9622329639006292
validation,0.1166029854457633
validation,0.7945466348613296
validation,0.3452775843884815
validation,0.367997567825602
validation,0.3316537859055153
validation,0.2448290509690496
validation,0.72263484145909
validation,0.5016817176331757
validation,0.4737628211645296
validation,0.5040943031915145
validation,0.3407402738970694
validation,0.3651768433528815
validation,0.5472047750375314
validation,0.7504222854893153
validation,0.1666553150160917
validation,0.4596456396129412
validation,0.1252455679052419
validation,0.3603993306498528
validation,0.3468892500451618
validation,0.6736706701614321
validation,0.8413493286505758
validation,0.670907550751905
validation,0.2975378500368991
validation,0.5385504256872315
validation,0.3006714746045309
validation,0.2412427886854299
validation,0.5476378490953233
validation,0.4317168901898942
validation,0.353178978563316
validation,0.2805102229137208
validation,0.703273421116436
validation,0.4900785709130812
validation,0.3557765687125529
validation,0.1791891334582502
validation,0.7304635635705051
validation,0.5947674556491215
validation,0.2221955534246418
validation,0.179151340362816
validation,0.5379602699219372
validation,0.4737628211645296
validation,0.330837453375448
validation,0.3205633875551077
validation,0.3407402738970694
validation,0.1987503703587937
validation,0.3496209518571744
validation,0.273699975638304
validation,0.2044676747170826
validation,0.2981297343451573
validation,0.3825081087947742
validation,0.2066462857398942
validation,0.4423777528376766
validation,0.5040943031915145
validation,0.284104457490592
validation,0.687625431173487
validation,0.3685166402555209
validation,0.4253864723619103
validation,0.3063913204990619
validation,0.6521741829100477
validation,0.3500717406195598
validation,0.266511847517382
validation,0.2825245276317276
validation,0.2664178963010269
validation,0.3531634642673738
validation,0.3981516648900023
validation,0.8098908991302713
validation,0.7187220183612212
validation,0.3213372021795054
validation,0.2412427886854299
validation,0.7719294844397806
validation,0.5045273772493064
validation,0.3207520183565454
validation,0.3367368827213711
validation,0.3666798407080358
validation,0.5972775308578698
validation,0.4248368075992375
validation,0.8857151633795728
validation,0.1366985787576713
validation,0.3347630630118253
validation,0.7657456285953838
validation,0.5085122297913177
validation,0.3161260137207839
validation,0.4737628211645296
validation,0.3991182460227267
validation,0.2968282360348996
validation,0.5089301350627735
validation,0.3636240594405851
validation,0.3185321577898483
validation,0.5016817176331757
validation,0.3462441760317152
validation,0.5823531971745322
validation,0.7217853953941245
validation,0.4676540705904694
validation,0.5669122854733151
validation,0.2731078320775414
validation,0.7673840866557157
validation,0.5472047750375314
validation,0.2977822040939486
validation,0.3414765871072525
validation,0.609717437781783
validation,0.3213372021795054
validation,0.3454670967368045
validation,0.4741958952223215
validation,0.7718796218123364
validation,0.3505012412324893
validation,0.4376002151052932
validation,0.2873078795885276
validation,0.7668761274423433
validation,0.5016817176331757
validation,0.1930946468740224
validation,0.4756912527452107
validation,0.2862392952443932
validation,0.7734714935532558
validation,0.7820483868454988
validation,0.4737628211645296
validation,0.4231080715036198
validation,0.3572443203103572
validation,0.5785995947783672
validation,0.3213372021795054
validation,0.4289538719203578
validation,0.5016817176331757
validation,0.5021147916909676
validation,0.3557765687125529
validation,0.2289754432217568
validation,0.1241208915528754
validation,0.5021147916909676
validation,0.8423759609849005
validation,0.2244441689861474
validation,0.5476378490953233
validation,0.3550431222553909
validation,0.5016817176331757
validation,0.2412427886854299
validation,0.8316324289451069
validation,0.3213372021795054
validation,0.1658903680682719
validation,0.9372737585096758
validation,0.1755726697711884
validation,0.5016817176331757
validation,0.5040943031915145
validation,0.6018309951753221
validation,0.2486189512416164
validation,0.7187220183612212
validation,0.3557765687125529
validation,0.2902309609051668
validation,0.2484565746476707
validation,0.2102078521297823
validation,0.7103462794723993
validation,0.539919235263733
validation,0.4737628211645296
validation,0.9165607869750622
validation,0.3698442389660771
validation,0.5016817176331757
validation,0.6478033142973815
validation,0.5622922542056
validation,0.2654305929891386
validation,0.8532082083184133
validation,0.2795130395044374
validation,0.6225307893467935
validation,0.461276977837046
validation,0.6261575930804931
validation,0.4741958952223215
validation,0.2610671208862983
validation,0.3207520183565454
validation,0.1335835923575864
validation,0.2863508541303198
validation,0.1558924941385226
validation,0.5727963150286954
validation,0.4179678739322003
validation,0.5016817176331757
validation,0.2548074094371411
validation,0.3476718324958605
validation,0.4591387607308983
validation,0.8496665563761796
validation,0.3674869920187236
validation,0.3631937569324225
validation,0.1748219132513979
validation,0.7524735494772867
validation,0.3381320126753822
validation,0.3011426842365445
validation,0.2187156071979819
validation,0.4484957273122912
validation,0.3468619877040419
validation,0.3261926669783516
validation,0.5040943031915145
validation,0.2726818816882791
validation,0.21197606577328
validation,0.5379602699219372
validation,0.2600605435758388
validation,0.1956892598254414
validation,0.7895632084659535
validation,0.4723700870491424
validation,0.3770520960884546
validation,0.3557765687125529
validation,0.5197639757806312
validation,0.7248769833825944
validation,0.3572443203103572
validation,0.3557765687125529
validation,0.3022246749745158
validation,0.3562096427703447
validation,0.4668523425304907
validation,0.7522118711523135
validation,0.5472047750375314
validation,0.3213372021795054
validation,0.4741958952223215
validation,0.3643577289928456
validation,0.5040943031915145
validation,0.3441868182700753
validation,0.8256161209274216
validation,0.456206953329949
validation,0.2309019484911194
validation,0.7419832471162747
validation,0.3207520183565454
validation,0.5016817176331757
validation,0.2350221047503642
validation,0.2853477272559211
validation,0.5214910200500344
validation,0.5123894276883333
validation,0.2346031794253173
validation,0.2255520525916792
validation,0.2493671550282257
validation,0.8460550280148604
validation,0.2483582259347783
validation,0.1531132945277893
validation,0.8806896828002166
validation,0.6604079482120426
validation,0.4367949893110324
validation,0.2325233300945962
validation,0.6434249957066904
validation,0.4365543094373716
validation,0.9124734864140034
validation,0.3888775159422625
validation,0.3471757068716363
validation,0.2633215873384421
validation,0.3363107377734806
validation,0.7550676533967142
validation,0.4109410480350379
validation,0.3185096004665183
validation,0.512532881140483
validation,0.3562096427703447
validation,0.1341979756897676
validation,0.3454151330101894
validation,0.4741958952223215
validation,0.2962309045788432
validation,0.2547514393036936
validation,0.6433800798711201
validation,0.3557765687125529
validation,0.1948010630072222
validation,0.6545853674885814
validation,0.5476378490953233
validation,0.65998977138464
validation,0.7539449163339494
validation,0.2785259359536154
validation,0.3562096427703447
validation,0.3170410004657495
validation,0.7774333423120582
validation,0.4669961847267943
validation,0.2493291030057569
validation,0.6098745529991332
validation,0.3572443203103572
validation,0.1768005284035402
validation,0.1399451140961776
validation,0.2920112681532777
validation,0.243864414708755
validation,0.4504170119264775
validation,0.7839492610428587
validation,0.1437803721746865
validation,0.49639789791726
validation,0.7026153623900296
validation,0.6553234926800056
validation,0.5401946107495016
validation,0.5076384532776852
validation,0.353178978563316
validation,0.5240943270054527
validation,0.5040943031915145
validation,0.7195337622436889
validation,0.2219495853384266
validation,0.4737628211645296
validation,0.2315053204516123
validation,0.496563535677249
validation,0.2141889279624674
validation,0.6850360661067589
validation,0.7755693050735409
validation,0.3598247635330044
validation,0.9085849159078492
validation,0.3266735637643487
validation,0.7874494115843479
validation,0.53851944972126
validation,0.3434557799725068
validation,0.3572443203103572
validation,0.3557765687125529
validation,0.4303894352071085
validation,0.5472047750375314
validation,0.3313492304504079
validation,0.3553748036260387
validation,0.4548081670151815
validation,0.854165183353296
validation,0.5035451589721124
validation,0.5102656738277552
validation,0.5543161258500007
validation,0.3244486436760325
validation,0.3542917807850685
validation,0.55275623630463
validation,0.2760039136567331
validation,0.2723955927754244
validation,0.5040943031915145
validation,0.5040943031915145
validation,0.3704834020213473
validation,0.8535067306436497
validation,0.2067034685314245
validation,0.3377416002304673
validation,0.3158817148673401
validation,0.909236498645762
validation,0.5045273772493064
validation,0.3496209518571744
validation,0.2412427886854299
validation,0.6851856647810761
validation,0.2764951212910368
validation,0.3221381270753971
validation,0.2899922164046817
validation,0.353178978563316
validation,0.4741958952223215
validation,0.7274320766072339
validation,0.4941982498090249
validation,0.4478008230519551
validation,0.224955818162283
validation,0.5016817176331757
validation,0.3213372021795054
validation,0.6530413662651718
validation,0.3255194090398648
validation,0.5040943031915145
validation,0.5040943031915145
validation,0.2307270409678043
validation,0.5016817176331757
validation,0.7193433283131674
validation,0.2881291965421055
validation,0.654608846284395
validation,0.2078669320359875
validation,0.2233980780869354
validation,0.9462050961466832
validation,0.2306749579563577
validation,0.4737628211645296
validation,0.6445157618250967
validation,0.7812012762203054
validation,0.5016817176331757
validation,0.6249459330617053
validation,0.4913403523719373
validation,0.4737628211645296
validation,0.1274319309793919
validation,0.3557765687125529
validation,0.43479710499418
validation,0.1294837008710708
validation,0.3468892500451618
validation,0.2124205481066643
validation,0.5294377714931923
validation,0.2609577567302206
validation,0.3221381270753971
validation,0.3474671611848445
validation,0.6937350984914403
validation,0.2861059967123369
validation,0.3276344665832886
validation,0.3360404573025216
validation,0.4741958952223215
validation,0.3390207446061727
validation,0.5285996006756427
validation,0.2869360007129895
validation,0.2911681472065259
validation,0.0915643303318371
validation,0.3719380752038173
validation,0.2513260515684422
validation,0.9226490533403324
validation,0.3001318787743423
validation,0.3169383823542663
validation,0.3213372021795054
validation,0.6639714356015232
validation,0.3032558043264792
validation,0.231246635977922
validation,0.3823077932016914
validation,0.2483582259347783
validation,0.4850781579945818
validation,0.2647664565621716
validation,0.3130739966443597
validation,0.678606439000996
validation,0.5045273772493064
validation,0.247363222109313
validation,0.5472047750375314
validation,0.2749739000779714
validation,0.2677530360286695
validation,0.5476378490953233
validation,0.386622587008095
validation,0.5472047750375314
validation,0.2384840105716501
validation,0.3572443203103572
validation,0.5732047294594749
validation,0.4096700417417925
validation,0.5168453761133817
validation,0.7243794993135519
validation,0.3572443203103572
validation,0.7324953415371525
validation,0.611327515162009
validation,0.5016817176331757
validation,0.74172676289086
validation,0.6778347916440117
validation,0.2729454801349568
validation,0.3221381270753971
validation,0.5849530976318399
validation,0.7820483868454988
validation,0.2793719051824206
validation,0.2197787977289255
validation,0.1734566039041145
validation,0.7550676533967142
validation,0.2514610418528094
validation,0.3207520183565454
validation,0.9166234319136513
validation,0.2654207686593584
validation,0.7566372935180505
validation,0.4741958952223215
validation,0.5040943031915145
validation,0.2412427886854299
validation,0.2022019978774566
validation,0.5211638593664847
validation,0.2823044466233733
validation,0.5061566312749267
validation,0.294226696316211
validation,0.2358468285914901
validation,0.2193468400585507
validation,0.1794882427238122
validation,0.2851952236089982
validation,0.1043948443526491
validation,0.3476718324958605
validation,0.300422200101608
validation,0.3476718324958605
validation,0.2452553638186948
validation,0.3413114192509424
validation,0.7138285957794251
validation,0.7222144109535634
validation,0.2412427886854299
validation,0.4172153934971425
validation,0.1312671664992744
validation,0.5472047750375314
validation,0.3476718324958605
validation,0.5008068481230865
validation,0.5061392628915399
validation,0.4894759585328195
validation,0.74172676289086
validation,0.5472047750375314
validation,0.3557765687125529
validation,0.3562096427703447
validation,0.4707319345801612
validation,0.4114995894349952
validation,0.4004813831793421
validation,0.3572443203103572
validation,0.3536993791822437
validation,0.4651723169020573
validation,0.2474382568034804
validation,0.8497970151563111
validation,0.5448772831074724
validation,0.3636240594405851
validation,0.1199054931332251
validation,0.4737628211645296
validation,0.8486909069623001
validation,0.1198047522784012
validation,0.3496209518571744
validation,0.25130645291666
validation,0.4323714588476349
validation,0.4526629593242875
validation,0.1651143035489712
validation,0.3557765687125529
validation,0.1884241943181736
validation,0.5040943031915145
validation,0.2493291030057569
validation,0.702216336496012
validation,0.7652635390471884
validation,0.3585548470319957
validation,0.2182931000352458
validation,0.7576006898603063
validation,0.5401946107495016
validation,0.2472672451582871
validation,0.2493291030057569
validation,0.5084450766993193
validation,0.4357473675569334
validation,0.7248114534220655
validation,0.5476378490953233
validation,0.3010697501915626
validation,0.351212313684903
validation,0.3562096427703447
validation,0.2563705584930817
validation,0.8275107880135276
validation,0.7061060098496257
validation,0.5040943031915145
validation,0.2493291030057569
validation,0.5472047750375314
validation,0.4737628211645296
validation,0.5839297694785603
validation,0.3407402738970694
validation,0.2913109096680581
validation,0.4737628211645296
validation,0.2820534538506731
validation,0.7242277449231704
validation,0.5563218741551658
validation,0.3213372021795054
validation,0.3909168812012881
validation,0.3221381270753971
validation,0.5155044268038956
validation,0.3296362211529383
validation,0.328096427680226
validation,0.2248826152151575
validation,0.2412427886854299
validation,0.5016817176331757
validation,0.3784979208051299
validation,0.1747093776047558
validation,0.3572443203103572
validation,0.3557765687125529
validation,0.396022573718001
validation,0.1594976600019274
validation,0.7617073100397859
validation,0.2524701231573388
validation,0.3489809745011536
validation,0.1562943531929587
validation,0.1411265575912023
validation,0.5040943031915145
validation,0.2078538513987068
validation,0.2328715874838494
validation,0.3207520183565454
validation,0.5293781116760512
validation,0.2873300613627994
validation,0.6413468905537502
validation,0.4353187007440521
validation,0.6621622817835566
validation,0.2166547069392586
validation,0.6419203723264089
validation,0.3496209518571744
validation,0.1514355448677268
validation,0.2173554910656725
validation,0.3557765687125529
validation,0.2816622945328619
validation,0.6521741829100477
validation,0.2620025198983101
validation,0.1957484189547274
validation,0.5040943031915145
validation,0.7445774430616896
validation,0.4530623458035941
validation,0.6904694987872857
validation,0.7445656247358644
validation,0.5040943031915145
validation,0.3839908622409557
validation,0.72263484145909
validation,0.5108590588964967
validation,0.8092820404257582
validation,0.2247934380442684
validation,0.3116465914006722
validation,0.2412427886854299
validation,0.3269848031215032
validation,0.8704161258748289
validation,0.1508484962946323
validation,0.4737628211645296
validation,0.4712557252047968
validation,0.237789961002141
validation,0.5472047750375314
validation,0.7971092268001848
validation,0.3283558113866703
validation,0.2808179875487662
validation,0.3823429544514116
validation,0.5021147916909676
validation,0.5472047750375314
validation,0.2630467199562741
validation,0.3614907798740825
validation,0.5472047750375314
validation,0.6311410643161292
validation,0.2620868427735424
validation,0.5398169646239968
validation,0.3213372021795054
validation,0.8193817762030834
validation,0.7799870589381193
validation,0.6611003529611271
validation,0.3957240269048999
validation,0.3896504621554678
validation,0.3503507894594224
validation,0.4666046468424359
validation,0.4665342085980706
validation,0.6375110755276122
validation,0.388566229899104
validation,0.2717128992461995
validation,0.2914216833618175
validation,0.5040943031915145
validation,0.5378454425452791
validation,0.4938257271247058
validation,0.6167288672332113
validation,0.3539790004849192
validation,0.2184892758202685
validation,0.3562096427703447
validation,0.3501814449277901
validation,0.2412427886854299
validation,0.3407402738970694
validation,0.3468892500451618
validation,0.7190960737032032
validation,0.2795088428203475
validation,0.7295448265915687
validation,0.3572443203103572
validation,0.3468892500451618
validation,0.5515439921777895
validation,0.4644214104227675
validation,0.2563960259343577
validation,0.3712725825972106
validation,0.7753720144046786
validation,0.1712706758350585
validation,0.690574869143597
validation,0.1514706050344776
validation,0.756847969918704
validation,0.1399236419124891
validation,0.2453686081423114
validation,0.5016817176331757
validation,0.4737628211645296
validation,0.5463331492334312
validation,0.212694520718901
validation,0.7478431316795302
validation,0.2412427886854299
validation,0.2838030722575658
validation,0.7809604787336634
validation,0.314072082699884
validation,0.2967721298349365
validation,0.3468892500451618
validation,0.224477246035222
validation,0.3557765687125529
validation,0.7263405381507213
validation,0.6142956034899062
validation,0.3476718324958605
validation,0.7348356183549652
validation,0.6610020284101492
validation,0.4737628211645296
validation,0.4737628211645296
validation,0.2119632690767118
validation,0.8423759609849005
validation,0.2388501261231197
validation,0.3476718324958605
validation,0.2417380214179451
validation,0.3625443215930183
validation,0.3557765687125529
validation,0.5472047750375314
validation,0.5045273772493064
validation,0.3213372021795054
validation,0.8464976019164798
validation,0.8035917322807997
validation,0.4003467943680526
validation,0.2356223034729042
validation,0.5146684805565265
validation,0.2493291030057569
validation,0.4249843652961373
validation,0.1517275090963157
validation,0.3598247635330044
validation,0.3407402738970694
validation,0.8003038304494543
validation,0.4443515953713022
validation,0.3042404636155894
validation,0.8349318421849382
validation,0.6722580606560598
validation,0.4389668949957104
validation,0.454569699639179
validation,0.3235257175757443
validation,0.7807255608287978
validation,0.5549993335968714
validation,0.602159316735737
validation,0.281044067448237
validation,0.3826403357913138
validation,0.4723659534222634
validation,0.4780981751563809
validation,0.6442504496964186
validation,0.3776848114420993
validation,0.2601484824854939
validation,0.2474603649713988
validation,0.3054108662525047
validation,0.1517507189397002
validation,0.5040943031915145
validation,0.1788549407711648
validation,0.6473934747202651
validation,0.1781646350872816
validation,0.5701597784971844
validation,0.5699992189790987
validation,0.2836429183381974
validation,0.2779654645569778
validation,0.3509442146471223
validation,0.7811757598392759
validation,0.1493522499274641
validation,0.7799870589381193
validation,0.4939104438881048
validation,0.7048104404154395
validation,0.5699992189790987
validation,0.4022212704137473
validation,0.2355999436527693
validation,0.2709909955308828
validation,0.3365529596960167
validation,0.2871977675673219
validation,0.2039435698203346
validation,0.5016817176331757
validation,0.0087546968709913
validation,0.1737311471329918
validation,0.5155044268038956
validation,0.6864038109461338
validation,0.3572443203103572
validation,0.353178978563316
validation,0.3493388810757074
validation,0.5342853854074658
validation,0.3293043422829886
validation,0.353506956314702
validation,0.4755078664402727
validation,0.7162183608080348
validation,0.2772066759380579
validation,0.3407402738970694
validation,0.3393048036962828
validation,0.3468892500451618
validation,0.3636240594405851
validation,0.7929599945886744
validation,0.7799870589381193
validation,0.3833985593200976
validation,0.2722241781216998
validation,0.7478281815698878
validation,0.2918047721652115
validation,0.3213372021795054
validation,0.6447782697634964
validation,0.3213372021795054
validation,0.4737628211645296
validation,0.155603433622307
validation,0.1884859797402793
validation,0.550956193622097
validation,0.406058336104648
validation,0.7645453783202998
validation,0.1441467022986595
validation,0.5472047750375314
validation,0.2463479358176207
validation,0.2658433853080349
validation,0.8173563443517647
validation,0.3572443203103572
validation,0.3734942706627463
validation,0.4800087396952547
validation,0.2412427886854299
validation,0.3544749000594051
validation,0.5472047750375314
validation,0.7336880253925491
validation,0.2987638020818578
validation,0.5016817176331757
validation,0.8016839858779432
validation,0.6788873603983389
validation,0.3616605173513412
validation,0.8312004712747322
validation,0.2189757534521051
validation,0.4237798058083215
validation,0.2412427886854299
validation,0.3511721323074659
validation,0.2481052551582967
validation,0.2337392709273239
validation,0.4737628211645296
validation,0.5775789135974991
validation,0.4947339033193326
validation,0.3213372021795054
validation,0.2510631432498551
validation,0.2637491123371117
validation,0.374874178371126
validation,0.3557765687125529
validation,0.5472047750375314
validation,0.2352185656653621
validation,0.4007722045890924
validation,0.3476718324958605
validation,0.5045273772493064
validation,0.709825499607024
validation,0.4008118921211826
validation,0.1959419931298889
validation,0.2574238444032615
validation,0.2712727336230957
validation,0.3531634642673738
validation,0.2041748873423575
validation,0.7828627873897616
validation,0.3557765687125529
validation,0.5476378490953233
validation,0.5040943031915145
validation,0.2859244549190177
validation,0.1301834980902692
validation,0.1998125078210174
validation,0.3167599458971439
validation,0.3815566765988047
validation,0.4225395595598231
validation,0.5472047750375314
validation,0.4220263401728105
validation,0.3631937569324225
validation,0.4657971802344264
validation,0.3213372021795054
validation,0.5016817176331757
validation,0.2675749216268527
validation,0.9572312817303902
validation,0.6904694987872857
validation,0.2338905427612473
validation,0.320731632531867
validation,0.4122403909814113
validation,0.2891004674157028
validation,0.7585902942688304
validation,0.4737628211645296
validation,0.2567598185185114
validation,0.4681826997506089
validation,0.2670883402749631
validation,0.5288341576133708
validation,0.249597074479091
validation,0.2096049552802568
validation,0.0560510255757119
validation,0.2933474816165775
validation,0.26486279757583
validation,0.2135885659182501
validation,0.8403054652143507
validation,0.5448772831074724
validation,0.3531634642673738
validation,0.3468892500451618
validation,0.3496209518571744
validation,0.2612045401528912
validation,0.7110082771445639
validation,0.3562096427703447
validation,0.4036399111257371
validation,0.2110006326134399
validation,0.2402359618339571
validation,0.8497970151563111
validation,0.143530682290667
validation,0.3161587399527376
validation,0.2610121228150495
validation,0.5479674149450814
validation,0.353882184710363
validation,0.2589920582442011
validation,0.6113857405358246
validation,0.3212527167252275
validation,0.5090642871967902
validation,0.3572443203103572
validation,0.4515864736434736
validation,0.2493291030057569
validation,0.1441078648323708
validation,0.4302946484050987
validation,0.233148883747205
validation,0.2412427886854299
validation,0.4737628211645296
validation,0.7238509455250184
validation,0.2038849791065231
validation,0.353178978563316
validation,0.2412427886854299
validation,0.4808538920583864
validation,0.881872041525407
validation,0.5275918456001758
validation,0.3669072015871906
validation,0.2493291030057569
validation,0.2403639574508635
validation,0.2710375251293164
validation,0.2340362956390552
validation,0.2004265094387931
validation,0.3221381270753971
validation,0.6087218996687391
validation,0.508609555775443
validation,0.7348043445372904
validation,0.5624170990176162
validation,0.3531634642673738
validation,0.2493291030057569
validation,0.3468892500451618
validation,0.1381358925294901
validation,0.3740320335875687
validation,0.7839887614108184
validation,0.3523577078321787
validation,0.3313514201465765
validation,0.3724130161345029
validation,0.7778892474178342
validation,0.4634234186575652
validation,0.7246261337585245
validation,0.5994656987562846
validation,0.748169900946467
validation,0.309469937143675
validation,0.8160472161782244
validation,0.6726900183264345
validation,0.2180495294880041
validation,0.2548292655639376
validation,0.7251741199990817
validation,0.1989928646058961
validation,0.2292062462032412
validation,0.7013393693243265
validation,0.7762563112911398
validation,0.7081492863493942
validation,0.2765236744113255
validation,0.8357918217396478
validation,0.4737628211645296
validation,0.3553860303126753
validation,0.5312316662339361
validation,0.7051146819288127
validation,0.3407402738970694
validation,0.1984110538488218
validation,0.8692429151982879
validation,0.702216336496012
validation,0.2839792647201853
validation,0.7550676533967142
validation,0.8841864323904702
validation,0.2272897789062279
validation,0.2605979346765491
validation,0.26169124202119
validation,0.757008476419837
validation,0.5040943031915145
validation,0.3449831753398145
validation,0.4319595931033603
validation,0.7631515246759563
validation,0.4786331045982351
validation,0.5141077351621438
validation,0.7603690878875569
validation,0.4898912318325883
validation,0.2167884508184387
validation,0.2707163870717776
validation,0.7519720823327884
validation,0.7026153623900296
validation,0.424245481355453
validation,0.7843962869726206
validation,0.8116399548318413
validation,0.1921476504799203
validation,0.7267939808867546
validation,0.4741958952223215
validation,0.4737628211645296
validation,0.7739409497197159
validation,0.3481632220320875
validation,0.1069384857206834
validation,0.270816176433605
validation,0.6824419621873314
validation,0.4367949893110324
validation,0.4737628211645296
validation,0.5472047750375314
validation,0.5016817176331757
validation,0.7697818102920513
validation,0.5339834031831455
validation,0.4700998464486065
validation,0.7857587867609389
validation,0.4908195242839518
validation,0.5472047750375314
validation,0.3600912159544772
validation,0.3572443203103572
validation,0.1678390770174968
validation,0.193424806771012
validation,0.3221381270753971
validation,0.5045273772493064
validation,0.4741958952223215
validation,0.2768782006142246
validation,0.8423759609849005
validation,0.7539449163339494
validation,0.4353901231159949
validation,1.0024631264544417
validation,0.3646322816228514
validation,0.2248999411850558
validation,0.5040943031915145
validation,0.32976054088984
validation,0.3631937569324225
validation,0.7026153623900296
validation,0.5045273772493064
validation,0.2397411309521026
validation,0.3193133477079287
validation,0.5472047750375314
validation,0.5040943031915145
validation,0.5040943031915145
validation,0.624982531664943
validation,0.2388835024423677
validation,0.5411540675515881
validation,0.3557765687125529
validation,0.3631937569324225
validation,0.3562096427703447
validation,0.353178978563316
validation,0.3468892500451618
validation,0.3654505042723664
validation,0.5578111501940843
validation,0.1322146534965296
validation,0.4856936093608576
validation,0.282173526328449
validation,0.2412427886854299
validation,0.3407402738970694
validation,0.3468892500451618
validation,0.2412427886854299
validation,0.3889468790596873
validation,0.5944730710786148
validation,0.2483582259347783
validation,0.1943623282321258
validation,0.435052773532441
validation,0.1998021033473145
validation,0.1465137404608283
validation,0.5040943031915145
validation,0.2024605873308103
validation,0.5476378490953233
validation,0.3496209518571744
validation,0.2832626627494283
validation,0.7444699652683634
validation,0.3485356166909761
validation,0.2270210057633008
validation,0.5776325293796265
validation,0.1710611856900298
validation,0.3540610982535205
validation,0.1832848505348095
validation,0.7065907569374292
validation,0.702216336496012
validation,0.7267939808867546
validation,0.2412427886854299
validation,0.8219332254074123
validation,0.7649817171834281
validation,0.5016817176331757
validation,0.3631937569324225
validation,0.6118715098380753
validation,0.4302683117284661
validation,0.2766859809033755
validation,0.3221381270753971
validation,0.4349489964509691
validation,0.5194129445280452
validation,0.2811369613402147
validation,0.7227601794066121
validation,0.2809106506457935
validation,0.2720419590625
validation,0.926566227431985
validation,0.5472047750375314
validation,0.6229976147563057
validation,0.7980089760771192
validation,0.6531386753158422
validation,0.180378882000044
validation,0.353178978563316
validation,0.21238023861062
validation,0.3286654327287985
validation,0.5016817176331757
validation,0.1242053060280148
validation,0.6486007440104107
validation,0.4125556538354621
validation,0.5919141687645322
validation,0.8784425738717452
validation,0.1647820761081964
validation,0.6613713998435896
validation,0.4301026352702672
validation,0.4737628211645296
validation,0.7698231522633864
validation,0.5040943031915145
validation,0.2448438882364874
validation,0.2412427886854299
validation,0.5040943031915145
validation,0.156396302841827
validation,0.3989314429856064
validation,0.3572443203103572
validation,0.3476718324958605
validation,0.5045273772493064
validation,0.7832990877405905
validation,0.5016817176331757
validation,0.4117074506133767
validation,0.9147677798146844
validation,0.666140950927209
validation,0.7265588383488831
validation,0.5472047750375314
validation,0.5495607898262246
validation,0.3636240594405851
validation,0.5168346160810924
validation,0.78701728100618
validation,0.4232975490672929
validation,1.0220312075583569
validation,0.8615080263433806
validation,0.9272712700939136
validation,0.7426910583591633
validation,0.5064989745117394
validation,0.2237422522081786
validation,0.347548842590536
validation,0.6736807981792136
validation,0.4737628211645296
validation,0.2305264940493952
validation,0.3531634642673738
validation,0.3609545091690689
validation,0.2135796109716694
validation,0.2836152937501338
validation,0.2412427886854299
validation,0.6040791535395009
validation,0.6284694315709015
validation,0.5346882431204296
validation,0.3354197292493839
validation,0.8490373080369426
validation,0.3407402738970694
validation,0.3476718324958605
validation,0.3198771382252722
validation,0.5255104232410706
validation,0.5968856566369536
validation,0.1325313100669712
validation,0.3496209518571744
validation,0.5040943031915145
validation,0.7255013625350504
validation,0.6479011593293156
validation,0.9106827274281342
validation,0.2493291030057569
validation,0.3095579744191986
validation,0.4362019837298642
validation,0.692336908599064
validation,0.5040943031915145
validation,0.2822809664261169
validation,0.2661744704111375
validation,0.3213372021795054
validation,0.5021147916909676
validation,0.4444725864545064
validation,0.2492602069097175
validation,0.7557440185969891
validation,0.3043463092625562
validation,0.2138374782636489
validation,0.4737628211645296
validation,0.3988225421539251
validation,0.3213372021795054
validation,0.6395459608139774
validation,0.2670841707363533
validation,0.6244580693068185
validation,0.2942232667311595
validation,0.4019899648749099
validation,0.3724973150087274
validation,0.1223576370560862
validation,0.5116660085047243
validation,0.9985987040699728
validation,0.3468892500451618
validation,0.2504930750661799
validation,0.7841461983657839
validation,0.5633943702521016
validation,0.3207520183565454
validation,0.4741958952223215
validation,0.2557404176351663
validation,0.3571939641499755
validation,0.4741958952223215
validation,0.1819466310981494
validation,0.07920574697675
validation,0.2549058419540568
validation,0.7836609752406538
validation,0.2678514764232528
validation,0.4741958952223215
validation,0.8004268419481356
validation,0.7841461983657839
validation,0.447721905493483
validation,0.769404155833318
validation,0.6207301561214559
validation,0.6008961581498136
validation,0.2420763040490487
validation,0.5065592651239716
validation,0.4255178439566767
validation,0.1713246495506981
validation,0.2838595198793888
validation,0.2417447677272003
validation,0.4416259766660609
validation,0.3823481189594011
validation,0.6179937420102152
validation,0.3221381270753971
validation,0.1365697158247763
validation,1.020942678456295
validation,0.2184614356149951
validation,0.5016817176331757
validation,0.33566943426939
validation,0.7698231522633864
validation,0.7614892897826069
validation,0.2517337762755199
validation,0.5275419829727316
validation,0.2493291030057569
validation,0.7458143351919321
validation,0.5472047750375314
validation,0.1258552905728463
validation,0.2442434288915428
validation,0.3468892500451618
validation,0.5140354258902606
validation,0.5472047750375314
validation,0.2667556067537963
validation,0.1435811707606579
validation,0.8349318421849382
validation,0.5476378490953233
validation,0.3514648865395047
validation,0.6897076931133949
validation,0.519496028876972
validation,0.294008422600655
validation,0.2307066110664487
validation,0.6028129252296333
validation,0.4737628211645296
validation,0.3475921544615368
validation,0.6033861717559547
validation,0.7086598254284917
validation,0.2663612701148782
validation,0.8423759609849005
validation,0.899035974938975
validation,0.5016817176331757
validation,0.2324975619300664
validation,0.8444264891076614
validation,0.6236761258376731
validation,0.3468892500451618
validation,0.3557765687125529
validation,0.4552570632437149
validation,0.3448784002929617
validation,0.2683904164171062
validation,0.4224542854709704
validation,0.2803575414952428
validation,0.353178978563316
validation,0.173648163260031
validation,0.7841461983657839
validation,0.2348470910245342
validation,0.3562096427703447
validation,0.5045273772493064
validation,0.5442451264357075
validation,0.3631937569324225
validation,0.2608097485097073
validation,0.1849187775514865
validation,0.3048303052425694
validation,0.3631937569324225
validation,0.8215989937966371
validation,0.1479238416051403
validation,0.5472047750375314
validation,0.5040943031915145
validation,0.5040943031915145
validation,0.2566341309315284
validation,0.8170142352467151
validation,0.5016817176331757
validation,0.278351126000327
validation,0.3572443203103572
validation,0.8571662703879397
validation,0.7388872155972119
validation,0.5016817176331757
validation,0.5385504256872315
validation,0.3422408453493833
validation,0.3221381270753971
validation,0.5747516680890995
validation,0.6474096743332486
validation,0.2518780613186018
validation,0.5242090311164286
validation,0.2523586007498414
validation,0.2026948560078649
validation,0.3754581808543622
validation,0.1639419957994968
validation,0.2432480636267726
validation,0.8098908991302713
validation,0.4674627101069606
validation,0.6761765754235468
validation,0.2762863173232016
validation,0.75575229822137
validation,0.3199417323771359
validation,0.2519389142437651
validation,0.4675026764668321
validation,0.3531634642673738
validation,0.3576698472150187
validation,0.2886042520978088
validation,0.2068801450787925
validation,0.1433127731570319
validation,0.2086124439688416
validation,0.3468892500451618
validation,0.3165889227906442
validation,0.5045273772493064
validation,0.4741958952223215
validation,0.3572443203103572
validation,0.4651013090414147
validation,0.3431672002459829
validation,0.3424208534772177
validation,0.2372126404835051
validation,0.6380309176254755
validation,0.5040943031915145
validation,0.0970418753123827
validation,0.3514395491043389
validation,0.5476378490953233
validation,0.5420979240903328
validation,0.3213372021795054
validation,0.2945142654936981
validation,0.2022550356354211
validation,0.2493291030057569
validation,0.2851857120188353
validation,0.4192620309131428
validation,0.6768887364055091
validation,0.3557765687125529
validation,0.2974164313551469
validation,0.5472047750375314
validation,0.2490657116258319
validation,0.2997339436180703
validation,0.4737628211645296
validation,0.2735013308837039
validation,0.6830427052692353
validation,0.6641536282625463
validation,0.3207520183565454
validation,0.3572443203103572
validation,0.2164587006232744
validation,0.3909172718752243
validation,0.4226427140100891
validation,0.4737628211645296
validation,0.225146756850222
validation,0.2386381145446874
validation,0.4737628211645296
validation,0.3207520183565454
validation,0.54874573479177
validation,0.5021147916909676
validation,0.2922101527205649
validation,0.6743819570763411
validation,0.3207520183565454
validation,0.5787238907802953
validation,0.7655984846139147
validation,0.2515901265671018
validation,0.4412692837249799
validation,0.3473585122342315
validation,0.6838015891921978
validation,0.1475055287832324
validation,0.7526598186107991
validation,0.9160142546877056
validation,0.8589606666572598
validation,0.1411076567527874
validation,0.2483582259347783
validation,0.502621329052825
validation,0.3123595117628754
validation,0.5230506306659646
validation,0.2855760417758232
validation,0.5579127972305217
validation,0.7182525621947611
validation,0.4741958952223215
validation,0.5874136105986949
validation,0.8365983258035603
validation,0.3407402738970694
validation,0.5780383199398087
validation,0.250007702542711
validation,0.2022125914705933
validation,0.2443582720454209
validation,0.408639338725225
validation,0.5016817176331757
validation,0.8095489068371727
validation,0.9875343865385784
validation,0.16426135579162
validation,0.1593446696531074
validation,0.4470368475270702
validation,0.2578685971950069
validation,0.503383271673006
validation,0.6349373112874195
validation,0.3631937569324225
validation,0.2055138399746099
validation,0.5605899222064681
validation,0.3531634642673738
validation,0.3564783039931916
validation,0.2314691972171524
validation,0.3310078646581965
validation,0.6108462926683875
validation,0.1554361384439113
validation,0.5476378490953233
validation,0.7893651811333018
validation,0.3050906330081795
validation,0.3622560745743391
validation,0.5021147916909676
validation,0.2352435729262562
validation,0.2416294967237007
validation,0.2188631624187689
validation,0.345415604781792
validation,0.7843962869726206
validation,0.2543329552512063
validation,0.5021147916909676
validation,0.5040943031915145
validation,0.5313180578783754
validation,0.6829800632660881
validation,0.5472047750375314
validation,0.5476378490953233
validation,0.5917245862610049
validation,0.3106211504386336
validation,0.7106472288089234
validation,0.5045273772493064
validation,0.2336128288948729
validation,0.5443211418991377
validation,0.2412427886854299
validation,0.2295601812793242
validation,0.6429478179970931
validation,0.3213372021795054
validation,0.8350931062868366
validation,0.4436507699179935
validation,0.8127619817706674
validation,0.4251796843403229
validation,0.2179682290809098
validation,0.5016817176331757
validation,0.3496209518571744
validation,0.8328175573431366
validation,0.2043893791651867
validation,0.8310111189931607
validation,0.3407402738970694
validation,0.3295070212330439
validation,0.5958714069708363
validation,0.2710241300122393
validation,0.456216640139884
validation,0.7576297863717832
validation,0.4302623305585076
validation,0.2558668596676173
validation,0.6040791535395009
validation,0.2339574029047719
validation,0.452646596410225
validation,0.5311929729977657
validation,0.25200745100777
validation,0.5021147916909676
validation,0.2493510679982921
validation,0.7772027259969869
validation,0.5656946174626045
validation,0.3636240594405851
validation,0.5021147916909676
validation,0.7187220183612212
validation,0.331484997278147
validation,0.730966597734082
validation,0.2039414620284372
validation,0.5472047750375314
validation,0.7376624311705978
validation,0.1270534805521305
validation,0.3468892500451618
validation,0.3531634642673738
validation,0.4095916987902361
validation,0.3468892500451618
validation,0.1996401057908615
validation,0.911334310166047
validation,0.2905346264268199
validation,0.284298452968254
validation,0.2009276283679134
validation,0.3468892500451618
validation,0.3644327534290391
validation,0.3990188309419742
validation,0.3213372021795054
validation,0.4044841621137098
validation,0.6618201070849932
validation,0.4737628211645296
validation,0.4569987064068502
validation,0.2069679312132268
validation,0.3496209518571744
validation,0.2483582259347783
validation,0.2315673187298882
validation,0.71292628263904
validation,0.4737628211645296
validation,0.4737628211645296
validation,0.308476736894527
validation,0.2769043029164617
validation,0.5121146221458501
validation,0.8123300241002926
validation,0.7031808289018066
validation,0.2604997054635642
validation,0.474222156207495
validation,0.4737628211645296
validation,0.4134913984924923
validation,0.6756121389174484
validation,0.7601118404168176
validation,0.2357445343258018
validation,0.3911486963318436
validation,0.0650468093788447
validation,0.168487915279701
validation,0.9147071387544548
validation,0.8156289262058075
validation,0.7905121477969516
validation,0.7217274002600217
validation,0.5040943031915145
validation,0.7169396583242614
validation,0.4828870813757565
validation,0.6177635436254498
validation,0.2982278104500747
validation,0.4332050836859877
validation,0.5472047750375314
validation,0.46205822517128
validation,0.5091433996570685
validation,0.1962469121730477
validation,0.2882154684728902
validation,0.2437315327359833
validation,0.7940060948904951
validation,0.2308428067505213
validation,0.7038547042940199
validation,0.8184398816148026
validation,0.3572443203103572
validation,0.5592490347626671
validation,0.1977469336020698
validation,0.5095117147931649
validation,0.2111831109641713
validation,0.5016817176331757
validation,0.5656946174626045
validation,0.2079889821153576
validation,0.3572443203103572
validation,0.4066884263246911
validation,0.2590020401502221
validation,0.3839910080276846
validation,0.6334851334593875
validation,0.8474866564887953
validation,0.2985038171271408
validation,0.485365963024209
validation,0.8164791738485991
validation,0.7187220183612212
validation,0.3207520183565454
validation,0.71234356163191
validation,0.4723068178184649
validation,0.3337003000016168
validation,0.3572443203103572
validation,0.6483286075949759
validation,0.1581812961891515
validation,0.3933040069923458
validation,0.3468892500451618
validation,0.3829002419092784
validation,0.7789148662315635
validation,0.4839310594936171
validation,0.2545852618309955
validation,0.5040943031915145
validation,0.2816442688885989
validation,0.3597298671472814
validation,0.7708343351668736
validation,0.3407402738970694
validation,0.3116506148022304
validation,0.4754671084613381
validation,0.6405996701360384
validation,0.3636240594405851
validation,0.3636240594405851
validation,0.7004071035035735
validation,0.6935418550887532
validation,0.2483582259347783
validation,0.2436219733231957
validation,0.3488105632184052
validation,0.5137549523087623
validation,0.4737628211645296
validation,0.3476718324958605
validation,0.7019940524380834
validation,0.3531634642673738
validation,0.7257472441529268
validation,0.3213372021795054
validation,0.3636240594405851
validation,0.5637178249920923
validation,0.7471597286552919
validation,0.4737628211645296
validation,0.5016817176331757
validation,0.2719137544574467
validation,0.1169517200474227
validation,0.919951906216947
validation,0.722829366893192
validation,0.2426925877903423
validation,0.2332727266180387
validation,0.3283880634221191
validation,0.5472047750375314
validation,0.4244613780704705
validation,0.9875271608284598
validation,0.2493291030057569
validation,0.2543553751305862
validation,0.3650085922694397
validation,0.4913643458869326
validation,0.2713526937090834
validation,0.8310031806058699
validation,0.2544946951229451
validation,0.4278939107396386
validation,0.5045273772493064
validation,0.5427259906862196
validation,0.2483582259347783
validation,0.2286072317070805
validation,0.350415236334421
validation,0.5832996787679028
validation,0.2640395278339465
validation,0.3109212318217129
validation,0.3476718324958605
validation,0.2952062486956373
validation,0.2756542228353076
validation,0.3648646937780698
validation,0.6685535364855478
validation,0.3407402738970694
validation,0.2128171994492459
validation,0.5362163901030623
validation,0.8310111189931607
validation,0.1729268899238533
validation,0.541317386037148
validation,0.23451611926684
validation,0.2322818282187412
validation,0.7236604602728193
validation,0.3557765687125529
validation,0.2241519164049885
validation,0.6006158816374566
validation,0.5472047750375314
validation,0.585598294612878
validation,0.7857587867609389
validation,0.3407402738970694
validation,0.357828486059038
validation,0.3198350613646299
validation,0.3254374525052727
validation,0.2412427886854299
validation,0.3784947407404609
validation,0.2260624052030058
validation,0.3996369030855674
validation,0.3543537113555513
validation,0.3221381270753971
validation,0.5016817176331757
validation,0.7284065692819096
validation,0.8461662253965465
validation,0.3636240594405851
validation,0.6655548279378316
validation,0.7846742990131594
validation,0.3407402738970694
validation,0.5398436729207465
validation,0.4321580339580895
validation,0.8288665709958009
validation,0.6156460050159226
validation,0.202372967071741
validation,0.232745607206721
validation,0.2483582259347783
validation,0.4470691245019498
validation,0.2670428019848373
validation,0.2106780802169097
validation,0.5342928402987545
validation,0.2579555653070561
validation,0.2798774672690107
validation,0.3221381270753971
validation,0.7037196742970332
validation,0.4861804933801676
validation,0.7015871471973808
validation,0.3803698984992628
validation,0.5040943031915145
validation,0.8271240885868654
validation,0.5317011224003962
validation,0.1253553218034582
validation,0.1230945988003922
validation,0.5045273772493064
validation,0.3557765687125529
validation,0.2657877865848398
validation,0.7820483868454988
validation,0.3027279865145448
validation,0.5016817176331757
validation,0.3528002643908805
validation,0.3843791391011809
validation,0.3468892500451618
validation,0.2061148757396609
validation,0.4005168205950817
validation,0.5241413967843709
validation,0.1705716173450032
validation,0.9244280054568004
validation,0.3596361015602391
validation,0.2075056128725034
validation,0.4737628211645296
validation,0.7200997452828659
validation,0.4365309413911914
validation,0.8458762919645336
validation,0.6643341613161474
validation,0.3213372021795054
validation,0.2937794392869524
validation,0.2503174453661129
validation,0.4018042984513671
validation,0.2052404151049098
validation,0.5098325997699633
validation,0.34058266314266
validation,0.1746558872127094
validation,0.7250128269377477
validation,0.5151600923733222
validation,0.6757144853021007
validation,0.5472047750375314
validation,0.4737628211645296
validation,0.5448772831074724
validation,0.6245009525573268
validation,0.6910959054896886
validation,0.348520836186998
validation,0.3557765687125529
validation,0.3496209518571744
validation,0.8064120571139098
validation,0.8572356372154516
validation,0.1607131468681398
validation,0.3468892500451618
validation,0.3572443203103572
validation,0.7254702654319582
validation,0.5815460400318667
validation,0.4504682418841667
validation,0.5016817176331757
validation,0.884892389246137
validation,0.4686446392086023
validation,0.5016817176331757
validation,0.3636240594405851
validation,0.5021147916909676
validation,0.5293781116760512
validation,0.3466138520888806
validation,0.2967345395276632
validation,0.2657304269793408
validation,0.4741958952223215
validation,0.1433930540911644
validation,0.3468892500451618
validation,0.1807417194827753
validation,0.4988226300644452
validation,0.5758505473555392
validation,0.8750753206931668
validation,0.261378480991549
validation,0.1343601129349174
validation,0.3407402738970694
validation,0.3213372021795054
validation,0.2618291632437333
validation,0.606121654035294
validation,0.4832118143359535
validation,0.3479792338421851
validation,0.2412427886854299
validation,0.7550676533967142
validation,0.2041376769346501
validation,0.3213372021795054
validation,0.2127857310371281
validation,0.3207520183565454
validation,0.2059155129411763
validation,0.3631937569324225
validation,0.6860397593505497
validation,0.5236496631751432
validation,0.2831489130395497
validation,0.1258605234289522
validation,0.6630316368559721
validation,0.2914467972252361
validation,0.4271005876862573
validation,0.4737628211645296
validation,0.3557765687125529
validation,0.395538897224292
validation,0.4439537292914906
validation,0.6662311931381065
validation,0.3572443203103572
validation,0.2530328210672241
validation,0.5040943031915145
validation,0.5040943031915145
validation,0.3985217132246395
validation,0.3572443203103572
validation,0.2778080412347667
validation,0.2491010559859852
validation,0.3407402738970694
validation,0.5332843618964151
validation,0.7778892474178342
validation,0.5459265544300259
validation,0.5734543676935113
validation,0.3547517072512132
validation,0.8458762919645336
validation,0.3531634642673738
validation,0.6471969199119239
validation,0.3525954278605291
validation,0.6344934363199546
validation,0.4416980242788473
validation,0.223822408518584
validation,0.3213372021795054
validation,0.4111591364531679
validation,0.615350958067111
validation,0.2141619226861609
validation,0.1756746199464251
validation,0.3553845333229458
validation,0.9875343865385784
validation,0.2485576644446145
validation,0.7786688968494786
validation,0.8098908991302713
validation,0.2272881808877417
validation,0.6190716026322028
validation,0.5119840553054513
validation,0.8310111189931607
validation,0.2441648905847114
validation,0.2417957210158193
validation,0.4643394911579498
validation,0.3557765687125529
validation,0.3631937569324225
validation,0.351212313684903
validation,0.7396918771472002
validation,0.3221381270753971
validation,0.639384542634317
validation,0.367156237479478
validation,0.2392556995616879
validation,0.7641273702443392
validation,0.4649184070512993
validation,0.2074834857888658
validation,0.3213372021795054
validation,0.5167726807684772
validation,0.8570461311725601
validation,0.3531634642673738
validation,0.4088420970448634
validation,0.1871407979741494
validation,0.248863403904473
validation,0.3496209518571744
validation,0.7524735494772867
validation,0.2397474558851059
validation,0.4920213990145783
validation,0.8180984901936779
validation,0.3175747580001565
validation,0.7005333668628753
validation,0.8429165316843975
validation,0.3476718324958605
validation,0.5016817176331757
validation,0.3207520183565454
validation,0.3476718324958605
validation,0.4536341980243298
validation,0.4089748354347985
validation,0.646502713798358
validation,0.2085030429953225
validation,0.3407402738970694
validation,0.3720621387521287
validation,0.3217733444871142
validation,0.3531634642673738
validation,0.223515765413248
validation,0.223426338423357
validation,0.20322310794449
validation,0.2204271793243921
validation,0.519917163624764
validation,0.2412427886854299
validation,0.6931395475119507
validation,0.3551828619659004
validation,0.5045273772493064
validation,0.7930315480316577
validation,0.2467830018484217
validation,0.3785006197659005
validation,0.0950561702676675
validation,0.5295306994215682
validation,0.230900655502523
validation,0.3025605123072977
validation,0.4074747036983301
validation,0.3476718324958605
validation,0.2643287589982496
validation,0.2962269183519881
validation,0.5040943031915145
validation,0.5006315814839285
validation,0.6718615066186693
validation,0.2306347373860011
validation,0.4352041887758164
validation,0.5040943031915145
validation,0.3094497288849076
validation,0.3636240594405851
validation,0.3718891425113028
validation,0.4013611974358861
validation,0.7784842199056305
validation,0.1678683476528056
validation,0.1969378812108959
validation,0.7861164440341725
validation,0.2864472159601448
validation,0.195748455006461
validation,0.3631937569324225
validation,0.5562963044525945
validation,0.2380175905203717
validation,0.3423580404547861
validation,0.353178978563316
validation,0.7916610199862386
validation,0.702458377519027
validation,0.4201986157044138
validation,0.3407402738970694
validation,0.7411952149482214
validation,0.1325075507255297
validation,0.2206320779524338
validation,0.482830449110849
validation,0.3557765687125529
validation,0.138228366930488
validation,0.1844067123621982
validation,0.1945463489562216
validation,0.5016817176331757
validation,0.7069477867118557
validation,0.3068351846284192
validation,0.5016817176331757
validation,0.4176769594845608
validation,0.5472047750375314
validation,0.3059455623630855
validation,0.2578410730467548
validation,0.9149481985799072
validation,0.3892977564420615
validation,0.5016817176331757
validation,0.5045273772493064
validation,0.3468892500451618
validation,0.4790172521192901
validation,0.3213372021795054
validation,0.2776152085232562
validation,0.2485955613792329
validation,0.577877996692681
validation,0.2650618373157312
validation,0.8458762919645336
validation,0.685293312301531
validation,0.2968824679267939
validation,0.9721085236070444
validation,0.378516981352507
validation,0.2542304304517985
validation,0.3531634642673738
validation,0.3931119893153451
validation,0.3560000493343628
validation,0.8551706381857236
validation,0.2748391943738381
validation,0.3436028828627896
validation,0.214696368727967
validation,0.6389631611070565
validation,0.3407402738970694
validation,0.5580947544723608
validation,0.1792249312811993
validation,0.8150482095551422
validation,0.2212876711775686
validation,0.3526702674083212
validation,0.6167367711343289
validation,0.2335123661326905
validation,0.8310111189931607
validation,0.8423759609849005
validation,0.4299374278681376
validation,0.5172575310453679
validation,0.3578726230953956
validation,0.3185478444854475
validation,0.22547908701502
validation,0.349072009121706
validation,0.9102471034037204
validation,0.2412427886854299
validation,0.8352827685545309
validation,0.3562096427703447
validation,0.4643394911579498
validation,0.7864940984929057
validation,0.6667467468744862
validation,0.2631375631947514
validation,0.2024588013765911
validation,0.2332846447941776
validation,0.8455121092632012
validation,0.2361650135149937
validation,0.4346002718709116
validation,0.3468892500451618
validation,0.8267426658654706
validation,0.2712166205171915
validation,0.5472047750375314
validation,0.2137353325232376
validation,0.7166083674068494
validation,0.2897423205070161
validation,0.3129065951829712
validation,0.3543630533409578
validation,0.5472047750375314
validation,0.6142384375148998
validation,0.3073194196724123
validation,0.5418334066115176
validation,0.4432141384603166
validation,0.5889114267796354
validation,0.456216640139884
validation,0.2010957896581018
validation,0.6240261116364437
validation,0.5560114469991091
validation,0.5537345386772862
validation,0.3462955936904507
validation,0.3407402738970694
validation,0.2951528239179576
validation,0.2472694305527949
validation,0.3430952897105238
validation,0.7465837841584745
validation,0.195159024598415
validation,0.2493291030057569
validation,0.6055740347292671
validation,0.7533340964122965
validation,0.3213372021795054
validation,0.2365839056575261
validation,0.5621524553778335
validation,0.281919421469
validation,0.2668598965859878
validation,0.4883908372574185
validation,0.6007209151055417
validation,0.2112754136383822
validation,0.4761593546822025
validation,0.3496209518571744
validation,0.5021147916909676
validation,0.2487873135614855
validation,0.3539300951662026
validation,0.5099610373498389
validation,0.5797590932551047
validation,0.5279648979370071
validation,0.4737628211645296
validation,0.5016817176331757
validation,0.5690509328066132
validation,0.3572443203103572
validation,0.1592606230755797
validation,0.3598351483069662
validation,0.7550356824523557
validation,0.3741148967167336
validation,0.1951771470243005
validation,0.6150706105736584
validation,0.5472047750375314
validation,0.2493291030057569
validation,0.2561732717811565
validation,0.7510401686472283
validation,0.2865326018641739
validation,0.2358367000801358
validation,0.4668523425304907
validation,0.7225874447449205
validation,0.5487745720877468
validation,0.200046629491279
validation,0.4876758311318614
validation,0.3717606819236281
validation,0.5142405121616649
validation,0.3595279872971184
validation,0.3124069932618493
validation,0.3151263523384363
validation,0.7778892474178342
validation,0.4242565535060482
validation,0.6696669466002996
validation,0.2448316385441507
validation,0.2469086144818726
validation,0.6061277957493116
validation,0.1733800852053421
validation,0.2493911072906881
validation,0.5016817176331757
validation,0.2022171892840712
validation,0.2428777286523885
validation,0.3407402738970694
validation,0.420009939634584
validation,0.5472047750375314
validation,0.3943979367859137
validation,0.5177742351691799
validation,0.4224827019888622
validation,0.3572443203103572
validation,0.520741141695576
validation,0.8257901391229259
validation,0.5706720245933348
validation,0.2412427886854299
validation,0.5206990716912524
validation,0.5472047750375314
validation,0.6947494941574028
validation,0.5021147916909676
validation,0.3566847028513638
validation,0.3206938827381677
validation,0.3456009415774159
validation,0.2345435895959293
validation,0.5534181333328981
validation,0.3468892500451618
validation,0.3837703405177952
validation,0.5045273772493064
validation,0.1208008015515151
validation,0.3201570950020883
validation,0.3193868703168235
validation,0.3020412534963995
validation,0.6427470962172411
validation,0.2498717177645617
validation,0.2723744503015008
validation,0.5473665794051732
validation,0.4737628211645296
validation,0.386622587008095
validation,0.5225116719188121
validation,0.3213372021795054
validation,0.4951416783282222
validation,0.3221381270753971
validation,0.5016817176331757
validation,0.5287927215582896
validation,0.1908346458786605
validation,0.2453311900228372
validation,0.835582407965116
validation,0.4607848893689573
validation,0.1608300605212656
validation,0.5718739551939311
validation,0.3346353226489523
validation,0.5472047750375314
validation,0.7892500104468457
validation,0.5040943031915145
validation,0.4365543094373716
validation,0.5710667980512657
validation,0.7823448771738766
validation,0.556099058832846
validation,0.7051919921535047
validation,0.4461398296670863
validation,0.7856824949289999
validation,0.784782395414716
validation,0.1975166351669711
validation,0.6132387333605557
validation,0.2079375705428782
validation,0.2567826761989455
validation,0.943545649082768
validation,0.1981569024641307
validation,0.4025093928881441
validation,0.2981827864906097
validation,0.7386011110287939
validation,0.3496209518571744
validation,0.228099325863647
validation,0.3212527167252275
validation,0.2412427886854299
validation,0.3736873314980978
validation,0.6670581657388528
validation,0.6108462926683875
validation,0.8139900031497816
validation,0.2513827490739243
validation,0.1232741512354455
validation,0.3213372021795054
validation,0.2468525033050381
validation,0.3213372021795054
validation,0.3092216417101147
validation,0.5529645536948229
validation,0.3531634642673738
validation,0.8458762919645336
validation,0.2493291030057569
validation,0.5016817176331757
validation,0.5616280934829809
validation,0.1315106367144473
validation,0.3221381270753971
validation,0.1369342282391699
validation,0.5476378490953233
validation,0.5934762411405128
validation,0.3476718324958605
validation,0.1345078240729274
validation,0.391818616124506
validation,0.1663267660210822
validation,0.7071729926670648
validation,0.5016817176331757
validation,0.5476378490953233
validation,0.1877906557838029
validation,0.244765812860618
validation,0.3213372021795054
validation,0.1943050339695631
validation,0.7919708428726564
validation,0.7718796218123364
validation,0.7793335693607474
validation,0.2802692786854338
validation,0.2821048001302493
validation,0.2513285829878934
validation,0.384722612633144
validation,0.6814814643177664
validation,0.8333183366291956
validation,0.3636240594405851
validation,0.3407402738970694
validation,0.2560986455729359
validation,0.304374618568359
validation,0.5472047750375314
validation,0.7100091330884442
validation,0.3886813835551786
validation,0.2928616422945624
validation,0.4737628211645296
validation,0.3407402738970694
validation,0.3531634642673738
validation,0.5040943031915145
validation,0.1791916508193081
validation,0.7834916608653206
validation,0.3218149121013
validation,0.3793679128360646
validation,0.4762463688801779
validation,0.5472047750375314
validation,0.1647053692941734
validation,0.3667022705676839
validation,0.1637780786980706
validation,0.5028331123412784
validation,0.3557765687125529
validation,0.1994546510910164
validation,0.4972527705519103
validation,0.505792274628373
validation,0.3213372021795054
validation,0.2853477272559211
validation,0.4613709616971382
validation,0.55199287785157
validation,0.5016817176331757
validation,0.2987028066987856
validation,0.3572443203103572
validation,0.5432691057445779
validation,0.5040943031915145
validation,0.4047156016010053
validation,0.6128635412326773
validation,0.4969088096469036
validation,0.8489638543754636
validation,0.3378193508513451
validation,0.2500978313645208
validation,0.2590377953138626
validation,0.2848291752531058
validation,0.6321693899415317
validation,0.3441868182700753
validation,0.2277137884631905
validation,0.121510272281258
validation,0.5710667980512657
validation,0.7757924862149053
validation,0.333429635392576
validation,0.2803299109335546
validation,0.3650085922694397
validation,0.3557765687125529
validation,0.266978190263164
validation,0.2493291030057569
validation,0.4737628211645296
validation,0.2963865229192814
validation,0.271035056702508
validation,0.0914548785966927
validation,0.2236047442203567
validation,0.7004071035035735
validation,0.2506385834826601
validation,0.356163591090915
validation,0.4028509055911017
validation,0.5045273772493064
validation,0.3468892500451618
validation,0.4485871370921712
validation,0.4697127138990375
validation,0.5184724727041559
validation,0.2483582259347783
validation,0.2086207480538054
validation,0.3973117565655761
validation,0.7739409497197159
validation,0.2572645187039669
validation,0.6137401007203478
validation,0.7550356824523557
validation,0.1184703767955078
validation,0.3492539881504937
validation,0.2493291030057569
validation,0.8964619498695295
validation,0.3631937569324225
validation,0.6007108668042936
validation,0.5040943031915145
validation,0.3636240594405851
validation,0.5016817176331757
validation,0.5546060512319996
validation,0.3476718324958605
validation,0.7478281815698878
validation,0.3631937569324225
validation,0.2247454642483392
validation,0.7796654955264132
validation,0.2989631415294589
validation,0.3557765687125529
validation,0.1383138933521588
validation,0.5476378490953233
validation,0.5241413967843709
validation,0.3763184358764004
validation,0.4879963172187105
validation,0.3486046687819778
validation,0.2412427886854299
validation,0.4557838610143057
validation,0.2517998826440152
validation,0.2330413068910604
validation,0.2412427886854299
validation,0.3460803734283412
validation,0.281959994616654
validation,0.5021147916909676
validation,0.2118233180755284
validation,0.2510523447440742
validation,0.5045273772493064
validation,0.714985793897832
validation,0.3476718324958605
validation,0.3707751073262943
validation,0.3572443203103572
validation,0.2564921169756614
validation,0.4572984377226046
validation,0.6056166489524636
validation,0.2412427886854299
validation,0.5238054736964978
validation,0.3495744048766944
validation,0.71292628263904
validation,0.2653764235530184
validation,0.3931603341510201
validation,0.4502203135330739
validation,0.185722658390278
validation,0.2535860412788789
validation,0.3557765687125529
validation,0.731085405400823
validation,0.6500562008156803
validation,0.3872694600126077
validation,0.4699512963987598
validation,0.7414590084658814
validation,0.3155177871878027
validation,0.2503304934135883
validation,0.2326898327107296
validation,0.2689105905887148
validation,0.3476718324958605
validation,0.3167777588611399
validation,0.4143535840856941
validation,0.3467042222461285
validation,0.5994656987562846
validation,0.2493291030057569
validation,0.3557765687125529
validation,0.353178978563316
validation,0.8349318421849382
validation,0.5153036100705926
validation,0.6280343276490543
validation,0.3557765687125529
validation,1.0005555651278195
validation,0.2526713810953452
validation,0.7858838962582948
validation,0.3299421680555844
validation,0.3832105177689088
validation,0.2441520868812238
validation,0.2032383554000512
validation,0.1512226149692047
validation,0.2694465126390702
validation,0.4095661392198597
validation,0.3476718324958605
validation,0.7215582793006001
validation,0.8241634906288079
validation,0.5472047750375314
validation,0.2326443948346717
validation,0.2478852942993181
validation,0.4635282383803116
validation,0.5045273772493064
validation,0.64032143363107
validation,0.4741958952223215
validation,0.3002555864691285
validation,0.4354453800851856
validation,0.3557765687125529
validation,0.3841419467436924
validation,0.7579067650927518
validation,0.5472047750375314
validation,0.8820764826877424
validation,0.3572443203103572
validation,0.4737628211645296
validation,0.2442803049704514
validation,0.4917434734303351
validation,0.2558552168104647
validation,0.3906182182802203
validation,0.3531634642673738
validation,0.3496209518571744
validation,0.8101850467708581
validation,0.7599617359752184
validation,0.3562096427703447
validation,0.5299544124405087
validation,0.2412427886854299
validation,0.2667800648846332
validation,0.3268317716074767
validation,0.7264041642250272
validation,0.4226672852561102
validation,0.5189749011200973
validation,0.7687045177479644
validation,0.2908719072857573
validation,0.7559841643521819
validation,0.525530123047576
validation,0.3077895097994971
validation,0.4737628211645296
validation,0.5472047750375314
validation,0.1541650212811484
validation,0.3206969468502148
validation,0.1968610091991044
validation,0.5016817176331757
validation,0.615350958067111
validation,0.3909831190737874
validation,0.2664302367062657
validation,0.3167737390200111
validation,0.5333453074626663
validation,0.6597496962252178
validation,0.2738802737830109
validation,0.7865320578810499
validation,0.3636240594405851
validation,0.2757412849689925
validation,0.3636240594405851
validation,0.4542089102506317
validation,0.1854454293299275
validation,0.2068284518156816
validation,0.4436725643211022
validation,0.3407402738970694
validation,0.776038761240001
validation,0.2982109543754327
validation,0.3124529141531542
validation,0.4003297327787877
validation,0.5045273772493064
validation,0.3636240594405851
validation,0.4101885267242944
validation,0.8461662253965465
validation,0.6097357110919004
validation,0.7479715059587962
validation,0.1878659651270756
validation,0.3865764407710809
validation,0.5280719309070461
validation,0.2968234925309937
validation,0.2030301122101757
validation,0.5040943031915145
validation,0.3572443203103572
validation,0.78701728100618
validation,0.4508120543497612
validation,0.7015245962716233
validation,0.1532290332089905
validation,0.2441973905599823
validation,0.8977549580295738
validation,0.4737628211645296
validation,0.565742502716758
validation,0.3468892500451618
validation,0.4310088559382659
validation,0.2511297186759151
validation,0.2456492873312227
validation,0.3244486436760325
validation,0.2895594231567084
validation,0.353178978563316
validation,0.4681455767660325
validation,0.1006740575433342
validation,0.3647396061782511
validation,0.2695375711258274
validation,0.3582006614623701
validation,0.5040943031915145
validation,0.8185225619237622
validation,0.25933431906959
validation,0.352822990182417
validation,0.5040943031915145
validation,0.2116228541692725
validation,0.6588603003590096
validation,0.2275703864299783
validation,0.2921925332366596
validation,0.3367570178909637
validation,0.248249181949519
validation,0.8160472161782244
validation,0.5016817176331757
validation,0.5242090311164286
validation,0.3492658164015284
validation,0.234393849043108
validation,0.1200852281275608
validation,0.1033046897734211
validation,0.2189609773938347
validation,0.5476378490953233
validation,0.8513221509953863
validation,0.3468892500451618
validation,0.3788227016647437
validation,0.3208355813536205
validation,0.2294206810576805
validation,0.5016817176331757
validation,0.3572443203103572
validation,0.7778892474178342
validation,0.39584707419421
validation,0.2055256395683116
validation,0.3452992195896797
validation,0.1785508844195943
validation,0.7380537776296862
validation,0.4220263401728105
validation,0.2055182435557175
validation,0.4779488186383331
validation,0.2087621195909432
validation,0.4062313183441844
validation,0.3308315247115311
validation,0.4790172521192901
validation,0.3933271052169026
validation,0.2196935852087509
validation,0.3221381270753971
validation,0.7015245962716233
validation,0.705087419136408
validation,0.1431770680032541
validation,0.4737628211645296
validation,0.6014824278419127
validation,0.2494153701211103
validation,0.219695224377941
validation,0.2412427886854299
validation,0.5349578958578213
validation,0.2483582259347783
validation,0.5040943031915145
validation,0.1660350114788716
validation,0.6835327283057377
validation,0.3207520183565454
validation,0.4617453872385224
validation,0.5270124794247669
validation,0.3207520183565454
validation,0.3468892500451618
validation,0.6345053536170447
